species,binomial,taxa,family,genus,species_author,author,year,time.slice,New,IUCN,rangesize,range.cat,areaClass,rangeNat_2020,percNat,percNatCat,prot_range,prot_perc,prot_perc_cat,rangeNat_2000,loss00_20,perc_loss00_20
Adenomera cotuba,Adenomera cotuba*,Amphibians,Leptodactylidae,Adenomera,"Adenomera cotuba* Carvalho & Giaretta, 2013b","Carvalho & Giaretta, 2013b",2013,2000-2021,s,NT,206241,Partial,polygon,112972,0.6047,<80%,3399,0.0165,<5%,128349,15377,0.119806154
Adenomera saci,Adenomera saci,Amphibians,Leptodactylidae,Adenomera,"Adenomera saci Carvalho & Giaretta, 2013a","Carvalho & Giaretta, 2013a",2013,2000-2021,n,LC,731210,Partial,polygon,371462,0.5656,<80%,29189,0.0399,<5%,411612,40150,0.097543317
Akodon kadiweu,Akodon kadiweu,Mammals,Cricetidae,Akodon,"Akodon kadiweu Brandão et al., 2021","Brand�o et al., 2021",2021,2000-2021,s,-,356,Restricted,buffer,324,0.9076,>80%,93,0.2612,>17%,322,-2,-0.00621118
Akodon lindberghi,Akodon lindberghi,Mammals,Cricetidae,Akodon,"Akodon lindberghi Hershkovitz, 1990","Hershkovitz, 1990",1990,1900-1999,s,DD,2844,Partial,buffer,574,0.6385,<80%,569,0.2001,>17%,570,-4,-0.007017544
Alectrurus tricolor,Alectrurus tricolor,Birds,Tyrannidae,Alectrurus,"Alectrurus tricolor (Vieillot, 1816)","(Vieillot, 1816)",1816,1700-1899,s,VU,2797153,Partial,polygon,437702,0.3756,<50%,31263,0.0112,<5%,480721,43019,0.089488497
Alipiopsitta xanthops,Alipiopsitta xanthops,Birds,Psittacidae ,Alipiopsitta,"Alipiopsitta xanthops (Spix, 1824)","(Spix, 1824)",1824,1700-1899,s,NT,2950314,Wide,polygon,877060,0.5196,<80%,69436,0.0235,<5%,981708,104648,0.106597889
Allobates brunneus,Allobates brunneus,Amphibians,Aromobatidae,Allobates,"Allobates brunneus (Cope, 1887)","(Cope, 1887)",1887,1700-1899,n,EN,373,Restricted,polygon,229,0.6139,<80%,0,0,0%,240,11,0.045833333
Allobates goianus,Allobates goianus,Amphibians,Aromobatidae,Allobates,"Allobates goianus (Bokermann, 1975)","(Bokermann, 1975)",1975,1900-1999,n,NT,16216,Restricted,polygon,10651,0.659,<80%,312,0.0192,<5%,11267,616,0.054672939
Alopoglossus collii,Alopoglossus collii*,Reptiles,Alopoglossidae,Alopoglossus,"Alopoglossus collii* Ribeiro-Junior et al., 2020","Ribeiro-Junior et al., 2020",2020,2000-2021,s,-,1112,Restricted,buffer,552,0.4964,<50%,0,0,0%,576,24,0.041666667
Ameerega berohoka,Ameerega berohoka,Amphibians,Dendrobatoidea,Ameerega,"Ameerega berohoka Vaz-Silva et al., 2011","Vaz-Silva et al., 2011",2011,2000-2021,n,LC,110480,Partial,polygon,41319,0.3899,<50%,669,0.0061,<1%,46535,5216,0.112087676
Ameerega braccata,Ameerega braccata,Amphibians,Dendrobatoidea,Ameerega,"Ameerega braccata (Steindachner, 1864)","(Steindachner, 1864)",1864,1700-1899,n,LC,600,Restricted,polygon,474,0.79,<80%,133,0.2217,>17%,469,-5,-0.010660981
Ameerega flavopicta,Ameerega flavopicta,Amphibians,Dendrobatoidea,Ameerega,"Ameerega flavopicta (Lutz, 1925)","(Lutz, 1925)",1925,1900-1999,n,LC,868222,Partial,polygon,279326,0.5133,<80%,18023,0.0208,<5%,307455,28129,0.091489812
Ameerega picta,Ameerega picta,Amphibians,Dendrobatoidea,Ameerega,"Ameerega picta (Tschudi, 1838)","(Tschudi, 1838)",1838,1700-1899,n,LC,5921,Restricted,polygon,2283,0.5778,<80%,397,0.067,<17%,2362,79,0.033446232
Ameiva jacuba,Ameiva jacuba,Reptiles,Teiidae,Ameiva,"Ameiva jacuba Giugliano et al., 2013","Giugliano et al., 2013",2013,2000-2021,n,-,1264,Restricted,buffer,861,0.6812,<80%,570,0.4509,>17%,916,55,0.060043668
Ameiva parecis,Ameiva parecis,Reptiles,Teiidae,Ameiva,"Ameiva parecis (Colli et al., 2003)","(Colli et al., 2003)",2003,2000-2021,n,VU,372,Restricted,buffer,312,0.841,>80%,0,0,0%,338,26,0.076923077
Ameivula cipoensis,Ameivula cipoensis*,Reptiles,Teiidae,Ameivula,"Ameivula cipoensis* Arias et al., 2014a","Arias et al., 2014a",2014,2000-2021,s,-,1157,Restricted,buffer,521,0.7719,<80%,246,0.2126,>17%,515,-6,-0.011650485
Ameivula jalapensis,Ameivula jalapensis,Reptiles,Teiidae,Ameivula,"Ameivula jalapensis (Colli et al., 2009)","(Colli et al., 2009)",2009,2000-2021,n,LC,745,Restricted,buffer,743,0.9987,>80%,98,0.1315,<17%,744,1,0.001344086
Ameivula mumbuca,Ameivula mumbuca,Reptiles,Teiidae,Ameivula,"Ameivula mumbuca (Colli et al., 2003)","(Colli et al., 2003)",2003,2000-2021,n,LC,747,Restricted,buffer,718,0.9625,>80%,130,0.174,>17%,727,9,0.012379642
Ameivula xacriaba,Ameivula xacriaba*,Reptiles,Teiidae,Ameivula,"Ameivula xacriaba* Arias et al., 2014b ","Arias et al., 2014b ",2014,2000-2021,s,-,42875,Restricted,polygon,36962,0.8791,>80%,4082,0.0952,<17%,40120,3158,0.078713858
Amphisbaena absaberi,Amphisbaena absaberi,Reptiles,Amphisbaenidae,Amphisbaena,"Amphisbaena absaberi (Strüssmann & Carvalho, 2001)","(Strüssmann & Carvalho, 2001)",2001,2000-2021,n,DD,366,Restricted,buffer,115,0.3952,<50%,0,0,0%,162,47,0.290123457
Amphisbaena acrobeles,Amphisbaena acrobeles,Reptiles,Amphisbaenidae,Amphisbaena,"Amphisbaena acrobeles (Ribeiro et al., 2009)","(Ribeiro et al., 2009)",2009,2000-2021,n,LC,374,Restricted,buffer,375,1,>80%,140,0.3743,>17%,374,-1,-0.002673797
Amphisbaena anaemariae,Amphisbaena anaemariae,Reptiles,Amphisbaenidae,Amphisbaena,"Amphisbaena anaemariae Vanzolini, 1997","Vanzolini, 1997",1997,1900-1999,n,LC,346771,Partial,polygon,84609,0.2977,<30%,1397,0.004,<1%,92464,7855,0.084951981
Amphisbaena bedai,Amphisbaena bedai,Reptiles,Amphisbaenidae,Amphisbaena,"Amphisbaena bedai (Vanzolini, 1991)","(Vanzolini, 1991)",1991,1900-1999,n,LC,1543,Restricted,polygon,351,0.2273,<30%,0,0,0%,419,68,0.162291169
Amphisbaena brevis,Amphisbaena brevis,Reptiles,Amphisbaenidae,Amphisbaena,"Amphisbaena brevis Strüssmann & Mott, 2009","Strüssmann & Mott, 2009",2009,2000-2021,n,DD,368,Restricted,buffer,287,0.7842,<80%,0,0,0%,292,5,0.017123288
Amphisbaena carli,Amphisbaena carli,Reptiles,Amphisbaenidae,Amphisbaena,"Amphisbaena carli Pinna et al., 2010","Pinna et al., 2010",2010,2000-2021,n,LC,1478,Restricted,buffer,734,0.4966,<50%,59,0.0399,<5%,1340,606,0.452238806
Amphisbaena crisae,Amphisbaena crisae,Reptiles,Amphisbaenidae,Amphisbaena,"Amphisbaena crisae Vanzolini, 1997","Vanzolini, 1997",1997,1900-1999,n,DD,1479,Partial,buffer,1205,0.8415,>80%,328,0.2218,>17%,1235,30,0.024291498
Amphisbaena cuiabana,Amphisbaena cuiabana,Reptiles,Amphisbaenidae,Amphisbaena,"Amphisbaena cuiabana (Strüssmann & Carvalho, 2001)","(Strüssmann & Carvalho, 2001)",2001,2000-2021,n,LC,30163,Restricted,polygon,7893,0.5735,<80%,201,0.0067,<1%,9022,1129,0.12513855
Amphisbaena filiformis,Amphisbaena filiformis*,Reptiles,Amphisbaenidae,Amphisbaena,"Amphisbaena filiformis* Ribeiro et al., 2016"," Ribeiro et al., 2016",2016,2000-2021,s,-,755,Restricted,buffer,451,0.6632,<80%,0,0,0%,506,55,0.108695652
Amphisbaena kraoh,Amphisbaena kraoh,Reptiles,Amphisbaenidae,Amphisbaena,"Amphisbaena kraoh (Vanzolini, 1971)","(Vanzolini, 1971)",1971,1900-1999,n,LC,14095,Restricted,polygon,11923,0.8719,>80%,1531,0.1086,<17%,12895,972,0.075378054
Amphisbaena leeseri,Amphisbaena leeseri,Reptiles,Amphisbaenidae,Amphisbaena,"Amphisbaena leeseri Gans, 1964","Gans, 1964",1964,1900-1999,n,LC,141174,Restricted,polygon,31608,0.2891,<30%,990,0.007,<1%,35072,3464,0.098768248
Amphisbaena maranhensis,Amphisbaena maranhensis,Reptiles,Amphisbaenidae,Amphisbaena,"Amphisbaena maranhensis Gomes & Maciel, 2012","Gomes & Maciel, 2012",2012,2000-2021,n,DD,377,Restricted,buffer,332,0.8783,>80%,0,0,0%,349,17,0.048710602
Amphisbaena mebengokre,Amphisbaena mebengokre*,Reptiles,Amphisbaenidae,Amphisbaena,"Amphisbaena mebengokre* Ribeiro et al., 2019","Ribeiro et al., 2019",2019,2000-2021,s,-,365,Restricted,buffer,128,0.3497,<50%,0,0,0%,136,8,0.058823529
Amphisbaena neglecta,Amphisbaena neglecta,Reptiles,Amphisbaenidae,Amphisbaena,"Amphisbaena neglecta Dunn & Piatt, 1936","Dunn & Piatt, 1936",1936,1900-1999,n,DD,367,Restricted,buffer,274,0.7486,<80%,5,0.0136,<5%,275,1,0.003636364
Amphisbaena persephone,Amphisbaena persephone*,Reptiles,Amphisbaenidae,Amphisbaena,"Amphisbaena persephone* Pinna et al., 2014","Pinna et al., 2014",2014,2000-2021,s,-,370,Restricted,buffer,207,0.561,<80%,0,0,0%,370,163,0.440540541
Amphisbaena sanctaeritae,Amphisbaena sanctaeritae,Reptiles,Amphisbaenidae,Amphisbaena,"Amphisbaena sanctaeritae Vanzolini, 1994","Vanzolini, 1994",1994,1900-1999,n,CR,602,Restricted,buffer,99,0.1645,<30%,8,0.0133,<5%,91,-8,-0.087912088
Amphisbaena saxosa,Amphisbaena saxosa,Reptiles,Amphisbaenidae,Amphisbaena,"Amphisbaena saxosa (Castro-Mello, 2003)","(Castro-Mello, 2003)",2003,2000-2021,n,NT,375,Restricted,buffer,40,0.9091,>80%,0,0,0%,41,1,0.024390244
Amphisbaena silvestrii,Amphisbaena silvestrii,Reptiles,Amphisbaenidae,Amphisbaena,"Amphisbaena silvestrii Boulenger, 1902","Boulenger, 1902",1902,1900-1999,n,LC,895546,Partial,polygon,231363,0.5353,<80%,9471,0.0106,<5%,260313,28950,0.111212271
Amphisbaena steindachneri,Amphisbaena steindachneri,Reptiles,Amphisbaenidae,Amphisbaena,"Amphisbaena steindachneri Strauch, 1881","Strauch, 1881",1881,1700-1899,n,LC,1477,Restricted,buffer,205,0.7244,<80%,153,0.1036,<17%,210,5,0.023809524
Amphisbaena talisiae,Amphisbaena talisiae,Reptiles,Amphisbaenidae,Amphisbaena,"Amphisbaena talisiae Vanzolini, 1995","Vanzolini, 1995",1995,1900-1999,n,LC,103006,Partial,polygon,38538,0.4231,<50%,1314,0.0128,<5%,41840,3302,0.078919694
Anolis meridionalis,Anolis meridionalis,Reptiles,Dactyloidae,Anolis,"Anolis meridionalis Boettger, 1885","Boettger, 1885",1885,1700-1899,n,LC,2579006,Wide,polygon,639976,0.4546,<50%,58501,0.0227,<5%,715321,75345,0.105330334
Antilophia galeata,Antilophia galeata,Birds,Tyrannidae,Antilophia,"Antilophia galeata (Lichtenstein, 1823)","(Lichtenstein, 1823)",1823,1700-1899,s,LC,2692714,Wide,polygon,858751,0.499,<50%,58635,0.0218,<5%,958996,100245,0.104531197
Aplastodiscus lutzorum,Aplastodiscus lutzorum*,Amphibians,Hylidae,Aplastodiscus,"Aplastodiscus lutzorum* Berneck et al., 2017","Berneck et al., 2017",2017,2000-2021,s,LC,20219,Restricted,polygon,10643,0.5251,<80%,703,0.0348,<5%,11365,722,0.063528377
Apostolepis adhara,Apostolepis adhara*,Reptiles,Dipsadidae,Apostolepis,"Apostolepis adhara* França et al., 2018","França et al., 2018",2018,2000-2021,s,-,371,Restricted,buffer,309,0.8329,>80%,0,0,0%,277,-32,-0.115523466
Apostolepis albicollaris,Apostolepis albicollaris,Reptiles,Dipsadidae,Apostolepis,"Apostolepis albicollaris Lema, 2002","Lema, 2002",2002,2000-2021,n,LC,52589,Restricted,polygon,18549,0.3821,<50%,651,0.0124,<5%,20060,1511,0.075324028
Apostolepis assimilis,Apostolepis assimilis*,Reptiles,Dipsadidae,Apostolepis,"Apostolepis assimilis* (Reinhardt, 1861)","(Reinhardt, 1861)",1861,1700-1899,s,LC,1601004,Partial,polygon,291905,0.3257,<50%,12789,0.008,<1%,313465,21560,0.068779609
Apostolepis barrioi,Apostolepis barrioi*,Reptiles,Dipsadidae,Apostolepis,Apostolepis barrioi* Lema 1978,Lema 1978,1978,1900-1999,s,-,535264,Partial,polygon,41757,0.1837,<30%,405,8.00E-04,<1%,42693,936,0.021923969
Apostolepis cerradoensis,Apostolepis cerradoensis,Reptiles,Dipsadidae,Apostolepis,"Apostolepis cerradoensis Lema, 2003","Lema, 2003",2003,2000-2021,n,DD,370,Restricted,buffer,315,0.8491,>80%,0,0,0%,336,21,0.0625
Apostolepis christineae,Apostolepis christineae,Reptiles,Dipsadidae,Apostolepis,"Apostolepis christineae Lema, 2002","Lema, 2002",2002,2000-2021,n,DD,367,Restricted,buffer,297,0.8093,>80%,134,0.3651,>17%,310,13,0.041935484
Apostolepis flavotorquata,Apostolepis flavotorquata,Reptiles,Dipsadidae,Apostolepis,"Apostolepis flavotorquata (Duméril et al., 1854)","(Duméril et al., 1854)",1854,1700-1899,n,LC,1256330,Partial,polygon,437609,0.4657,<50%,23339,0.0186,<5%,484969,47360,0.097655726
Apostolepis goiasensis,Apostolepis goiasensis,Reptiles,Dipsadidae,Apostolepis,"Apostolepis goiasensis Prado, 1942","Prado, 1942",1942,1900-1999,n,LC,470835,Partial,polygon,133385,0.3363,<50%,5366,0.0114,<5%,144119,10734,0.074480117
Apostolepis intermedia,Apostolepis intermedia,Reptiles,Dipsadidae,Apostolepis,"Apostolepis intermedia Koslowsky, 1898","Koslowsky, 1898",1898,1700-1899,n,LC,1425,Partial,buffer,524,0.5092,<80%,330,0.2316,>17%,540,16,0.02962963
Apostolepis kikoi,Apostolepis kikoi*,Reptiles,Dipsadidae,Apostolepis,"Apostolepis kikoi* Santos et al., 2018","Santos et al., 2018",2018,2000-2021,s,-,1240,Restricted,buffer,441,0.3556,<50%,0,0,0%,442,1,0.002262443
Apostolepis lineata,Apostolepis lineata,Reptiles,Dipsadidae,Apostolepis,"Apostolepis lineata Cope, 1887","Cope, 1887",1887,1700-1899,n,DD,367,Restricted,buffer,263,0.7205,<80%,0,0,0%,266,3,0.011278195
Apostolepis longicaudata,Apostolepis longicaudata,Reptiles,Dipsadidae,Apostolepis,"Apostolepis longicaudata Amaral, 1921","Amaral, 1921",1921,1900-1999,n,LC,27040,Restricted,polygon,23371,0.9227,>80%,2496,0.0923,<17%,24615,1244,0.05053829
Apostolepis nelsonjorgei,Apostolepis nelsonjorgei,Reptiles,Dipsadidae,Apostolepis,"Apostolepis nelsonjorgei Lema & Renner, 2004","Lema & Renner, 2004",2004,2000-2021,n,LC,73372,Partial,polygon,42189,0.7561,<80%,2925,0.0399,<5%,47160,4971,0.105407125
Apostolepis phillipsae,Apostolepis phillipsae*,Reptiles,Dipsadidae,Apostolepis,"Apostolepis phillipsae* Harvey, 1999","Harvey, 1999",1999,1900-1999,s,VU,736,Restricted,buffer,237,0.5537,<80%,393,0.534,>17%,281,44,0.15658363
Apostolepis polylepis,Apostolepis polylepis,Reptiles,Dipsadidae,Apostolepis,"Apostolepis polylepis Amaral, 1921","Amaral, 1921",1921,1900-1999,n,LC,108297,Partial,polygon,85168,0.8117,>80%,13842,0.1278,<17%,98432,13264,0.134752926
Apostolepis sanctaeritae,Apostolepis sanctaeritae*,Reptiles,Dipsadidae,Apostolepis,"Apostolepis sanctaeritae* Werner, 1924","Werner, 1924",2005,2000-2021,s,-,673293,Partial,polygon,343056,0.5582,<80%,21821,0.0324,<5%,384081,41025,0.106813407
Apostolepis serrana,Apostolepis serrana,Reptiles,Dipsadidae,Apostolepis,"Apostolepis serrana Lema & Renner, 2006","Lema & Renner, 2006",2006,2000-2021,n,EN,371,Restricted,buffer,130,0.52,<80%,0,0,0%,154,24,0.155844156
Apostolepis striata,Apostolepis striata,Reptiles,Dipsadidae,Apostolepis,"Apostolepis striata Lema, 2004","Lema, 2004",2004,2000-2021,n,CR,371,Restricted,buffer,145,0.3994,<50%,0,0,0%,172,27,0.156976744
Apostolepis tertulianobeui,Apostolepis tertulianobeui*,Reptiles,Dipsadidae,Apostolepis,"Apostolepis tertulianobeui* Lema, 2004","Lema, 2004",2004,2000-2021,s,LC,1453,Partial,buffer,622,0.5649,<80%,0,0,0%,636,14,0.022012579
Apostolepis vittata,Apostolepis vittata,Reptiles,Dipsadidae,Apostolepis,"Apostolepis vittata (Cope, 1887)","(Cope, 1887)",1887,1700-1899,n,VU,1474,Restricted,buffer,980,0.7243,<80%,12,0.0081,<1%,1019,39,0.038272816
Arremon flavirostris,Arremon flavirostris,Birds,Passerellidae,Arremon,"Arremon flavirostris Swainson, 1838","Swainson, 1838",1838,1700-1899,s,LC,1473172,Partial,polygon,346476,0.3512,<50%,15613,0.0106,<5%,376534,30058,0.079828116
Asthenes luizae,Asthenes luizae,Birds,Furnariidae,Asthenes,"Asthenes luizae Vielliard, 1990","Vielliard, 1990",1990,1900-1999,s,NT,24900,Restricted,polygon,12703,0.7747,<80%,1989,0.0799,<17%,13487,784,0.058130051
Atractus albuquerquei,Atractus albuquerquei,Reptiles,Dipsadidae,Atractus,"Atractus albuquerquei Cunha & Nascimento, 1983","Cunha & Nascimento, 1983",1983,1900-1999,n,LC,2711519,Partial,polygon,464376,0.4909,<50%,33701,0.0124,<5%,519934,55558,0.10685587
Atractus edioi,Atractus edioi,Reptiles,Dipsadidae,Atractus,"Atractus edioi Silva Jr. et al., 2005","Silva Jr. et al., 2005",2005,2000-2021,n,DD,370,Restricted,buffer,267,0.7236,<80%,0,0,0%,267,0,0
Atractus pantostictus,Atractus pantostictus*,Reptiles,Dipsadidae,Atractus,"Atractus pantostictus* Fernandes and Puorto, 1993","Fernandes and Puorto, 1993",1993,1900-1999,s,LC,940260,Partial,polygon,316870,0.4434,<50%,19639,0.0209,<5%,348087,31217,0.089681603
Atractus spinalis,Atractus spinalis,Reptiles,Dipsadidae,Atractus,"Atractus spinalis Passos et al., 2013","Passos et al., 2013",2013,2000-2021,n,DD,763,Restricted,buffer,433,0.9021,>80%,249,0.3263,>17%,436,3,0.006880734
Atractus stygius,Atractus stygius*,Reptiles,Dipsadidae,Atractus,"Atractus stygius* Passos et al., 2019","Passos et al., 2019",2019,2000-2021,s,-,115675,Partial,polygon,31020,0.6602,<80%,5,0,0%,35503,4483,0.126271019
Augastes scutatus,Augastes scutatus,Birds,Trochilidae,Augastes,"Augastes scutatus (Temminck, 1824)","(Temminck, 1824)",1824,1700-1899,s,LC,53428,Restricted,polygon,20239,0.6077,<80%,3537,0.0662,<17%,21296,1057,0.049633734
Bachia bresslaui,Bachia bresslaui,Reptiles,Gymnophthalmidae,Bachia,"Bachia bresslaui (Amaral, 1935)","(Amaral, 1935)",1935,1900-1999,n,VU,535404,Partial,polygon,121436,0.2773,<30%,2949,0.0055,<1%,133468,12032,0.09014895
Bachia cacerensis,Bachia cacerensis,Reptiles,Gymnophthalmidae,Bachia,"Bachia cacerensis Castrillon & Strüssmann, 1998","Castrillon & Strüssmann, 1998",1998,1900-1999,n,DD,365,Restricted,buffer,333,0.9148,>80%,0,0,0%,346,13,0.037572254
Bachia didactyla,Bachia didactyla,Reptiles,Gymnophthalmidae,Bachia,"Bachia didactyla Freitas et al., 2011","Freitas et al., 2011",2011,2000-2021,n,EN,6466,Restricted,polygon,4382,0.722,<80%,0,0,0%,4931,549,0.111336443
Bachia geralista,Bachia geralista,Reptiles,Gymnophthalmidae,Bachia,"Bachia geralista Teixeira et al., 2012","Teixeira et al., 2012",2012,2000-2021,n,DD,26232,Restricted,polygon,22314,0.8543,>80%,2542,0.0969,<17%,25295,2981,0.117849377
Bachia micromela,Bachia micromela,Reptiles,Gymnophthalmidae,Bachia,"Bachia micromela Rodrigues et al., 2007","Rodrigues et al., 2007",2007,2000-2021,n,DD,376,Restricted,buffer,217,0.9731,>80%,0,0,0%,219,2,0.00913242
Bachia oxyrhina,Bachia oxyrhina,Reptiles,Gymnophthalmidae,Bachia,"Bachia oxyrhina Rodrigues et al., 2008","Rodrigues et al., 2008",2008,2000-2021,n,LC,309,Restricted,polygon,309,1,>80%,309,1,>17%,308,-1,-0.003246753
Bachia psamophila,Bachia psamophila,Reptiles,Gymnophthalmidae,Bachia,"Bachia psamophila Rodrigues et al., 2007","Rodrigues et al., 2007",2007,2000-2021,n,CR,375,Restricted,buffer,327,0.872,>80%,0,0,0%,312,-15,-0.048076923
Barycholos ternetzi,Barycholos ternetzi,Amphibians,Craugastoridae,Barycholos,"Barycholos ternetzi (Miranda-Ribeiro, 1937)","(Miranda-Ribeiro, 1937)",1937,1900-1999,n,LC,724474,Partial,polygon,334957,0.5159,<80%,22695,0.0313,<5%,370547,35590,0.096047195
Boana botumirim,Boana botumirim,Amphibians,Hylidae,Boana,"Boana botumirim Caramaschi et al., 2009","Caramaschi et al., 2009",2009,2000-2021,n,LC,364,Restricted,buffer,349,0.9562,>80%,121,0.3324,>17%,352,3,0.008522727
Boana buriti,Boana buriti,Amphibians,Hylidae,Boana,"Boana buriti (Caramaschi & Cruz, 1999)","(Caramaschi & Cruz, 1999)",1999,1900-1999,n,EN,15413,Restricted,polygon,6138,0.3985,<50%,43,0.0028,<1%,6765,627,0.092682927
Boana caiapo,Boana caiapo*,Amphibians,Hylidae,Boana,"Boana caiapo* Pinheiro et al., 2018","Pinheiro et al., 2018",2018,2000-2021,s,LC,262878,Restricted,polygon,113969,0.61,<80%,9377,0.0357,<5%,126058,12089,0.0959003
Boana cipoensis,Boana cipoensis,Amphibians,Hylidae,Boana,"Boana cipoensis (Lutz,1968)","(Lutz,1968)",1968,1900-1999,n,LC,7857,Restricted,polygon,4393,0.7826,<80%,374,0.0476,<5%,4610,217,0.047071584
Boana ericae,Boana ericae,Amphibians,Hylidae,Boana,"Boana ericae (Caramaschi & Cruz, 2000)","(Caramaschi & Cruz, 2000)",2000,2000-2021,n,EN,963,Restricted,buffer,901,0.9346,>80%,197,0.2046,>17%,905,4,0.00441989
Boana goiana,Boana goiana,Amphibians,Hylidae,Boana,"Boana goiana (Lutz, 1968)","(Lutz, 1968)",1968,1900-1999,n,LC,35423,Restricted,polygon,16960,0.4779,<50%,731,0.0206,<5%,18218,1258,0.069052585
Boana jaguariaivensis,Boana jaguariaivensis,Amphibians,Hylidae,Boana,"Boana jaguariaivensis Caramaschi et al., 2010","Caramaschi et al., 2010",2010,2000-2021,n,VU,1041,Restricted,buffer,249,0.4743,<50%,2,0.0019,<1%,217,-32,-0.147465438
Boana lundii,Boana lundii,Amphibians,Hylidae,Boana,"Boana lundii (Burmeister, 1856)","(Burmeister, 1856)",1856,1700-1899,n,LC,988264,Partial,polygon,311550,0.3823,<50%,13841,0.014,<5%,337416,25866,0.07665908
Boana stenocephala,Boana stenocephala,Amphibians,Hylidae,Boana,"Boana stenocephala (Caramaschi & Cruz, 1999)","(Caramaschi & Cruz, 1999)",1999,1900-1999,n,LC,712,Restricted,buffer,177,0.2486,<30%,0,0,0%,162,-15,-0.092592593
Bokermannohyla alvarengai,Bokermannohyla alvarengai,Amphibians,Hylidae,Bokermannohyla,"Bokermannohyla alvarengai (Bokermann, 1956)","(Bokermann, 1956)",1956,1900-1999,n,LC,28510,Restricted,polygon,13590,0.7389,<80%,1510,0.053,<17%,14447,857,0.059320274
Bokermannohyla ibitiguara,Bokermannohyla ibitiguara,Amphibians,Hylidae,Bokermannohyla,"Bokermannohyla ibitiguara (Cardoso, 1983)","(Cardoso, 1983)",1983,1900-1999,n,LC,1499,Restricted,polygon,695,0.4646,<50%,891,0.5944,>17%,678,-17,-0.025073746
Bokermannohyla izecksohni,Bokermannohyla izecksohni*,Amphibians,Hylidae,Bokermannohyla,"Bokermannohyla izecksohni (Jim and Caramaschi, 1979)","(Jim and Caramaschi, 1979)",1979,1900-1999,s,CR,351,Restricted,buffer,71,0.2029,<30%,0,0,0%,69,-2,-0.028985507
Bokermannohyla nanuzae,Bokermannohyla nanuzae,Amphibians,Hylidae,Bokermannohyla,"Bokermannohyla nanuzae (Bokermann & Sazima, 1973)","(Bokermann & Sazima, 1973)",1973,1900-1999,n,LC,9366,Restricted,polygon,2061,0.6475,<80%,552,0.0589,<17%,2080,19,0.009134615
Bokermannohyla napolii,Bokermannohyla napolii,Amphibians,Hylidae,Bokermannohyla,"Bokermannohyla napolii Carvalho et al., 2012","Carvalho et al., 2012",2012,2000-2021,n,EN,904,Restricted,buffer,240,0.2658,<30%,0,0,0%,259,19,0.073359073
Bokermannohyla pseudopseudis,Bokermannohyla pseudopseudis,Amphibians,Hylidae,Bokermannohyla,"Bokermannohyla pseudopseudis (Miranda-Ribeiro, 1937)","(Miranda-Ribeiro, 1937)",1937,1900-1999,n,LC,19647,Partial,polygon,15047,0.7661,<80%,2069,0.1053,<17%,15829,782,0.049402995
Bokermannohyla ravida,Bokermannohyla ravida,Amphibians,Hylidae,Bokermannohyla,"Bokermannohyla ravida (Caramaschi et al., 2001)","(Caramaschi et al., 2001)",2001,2000-2021,n,CR,361,Restricted,buffer,156,0.4309,<50%,0,0,0%,160,4,0.025
Bokermannohyla sagarana,Bokermannohyla sagarana,Amphibians,Hylidae,Bokermannohyla,"Bokermannohyla sagarana Leite et al., 2011","Leite et al., 2011",2011,2000-2021,n,EN,63,Restricted,polygon,42,0.913,>80%,3,0.0476,<5%,43,1,0.023255814
Bokermannohyla sapiranga,Bokermannohyla sapiranga,Amphibians,Hylidae,Bokermannohyla,"Bokermannohyla sapiranga Brandão et al., 2012","Brandão et al., 2012",2012,2000-2021,n,LC,32737,Restricted,polygon,11913,0.3645,<50%,497,0.0152,<5%,13721,1808,0.131768822
Bokermannohyla saxicola,Bokermannohyla saxicola,Amphibians,Hylidae,Bokermannohyla,"Bokermannohyla saxicola (Bokermann, 1964)","(Bokermann, 1964)",1964,1900-1999,n,LC,33627,Restricted,polygon,17381,0.7493,<80%,2731,0.0812,<17%,18429,1048,0.056866895
Bokermannohyla sazimai,Bokermannohyla sazimai,Amphibians,Hylidae,Bokermannohyla,"Bokermannohyla sazimai (Cardoso & Andrade, 1982)","(Cardoso & Andrade, 1982)",1982,1900-1999,n,LC,9364,Restricted,polygon,2499,0.2704,<30%,66,0.007,<1%,2431,-68,-0.027972028
Bothrops itapetiningae,Bothrops itapetiningae,Reptiles,Viperidae,Bothrops,"Bothrops itapetiningae (Boulenger, 1907)","(Boulenger, 1907)",1907,1900-1999,n,VU,675437,Partial,polygon,99012,0.2394,<30%,3188,0.0047,<1%,104262,5250,0.050353916
Bothrops marmoratus,Bothrops marmoratus,Reptiles,Viperidae,Bothrops,"Bothrops marmoratus Silva & Rodrigues, 2008","Silva & Rodrigues, 2008",2008,2000-2021,n,LC,383515,Partial,polygon,172233,0.4846,<50%,6706,0.0175,<5%,191336,19103,0.099840072
Bothrops moojeni,Bothrops moojeni,Reptiles,Viperidae,Bothrops,"Bothrops moojeni Hoge, 1966","Hoge, 1966",1866,1700-1899,n,LC,2686680,Wide,polygon,797500,0.4825,<50%,56071,0.0209,<5%,892999,95499,0.106941889
Bothrops pauloensis,Bothrops pauloensis,Reptiles,Viperidae,Bothrops,"Bothrops pauloensis Amaral, 1925","Amaral, 1925",1925,1900-1999,n,LC,1776108,Partial,polygon,388691,0.3608,<50%,16073,0.009,<1%,428354,39663,0.092593976
Calassomys apicalis,Calassomys apicalis,Mammals,Cricetidae,Calassomys,"Calassomys apicalis Pardiñas et al., 2014","Pardiñas et al., 2014",2014,2000-2021,s,-,584,Restricted,polygon,575,0.9846,>80%,412,0.7055,>17%,575,0,0
Callithrix penicillata,Callithrix penicillata,Mammals,Callithrichidae,Callithrix,"Callithrix penicillata (Geoffroy, 1812)","(Geoffroy, 1812)",1812,1700-1899,s,LC,1301874,Partial,polygon,380919,0.4725,<50%,21794,0.0167,<5%,420573,39654,0.094285653
Calomys tocantinsi,Calomys tocantinsi,Mammals,Cricetidae,Calomys,"Calomys tocantinsi Bonvicino et al., 2003","Bonvicino et al., 2003",2003,2000-2021,s,LC,155446,Partial,polygon,58034,0.831,>80%,9269,0.0596,<17%,61853,3819,0.061743165
Carterodon sulcidens,Carterodon sulcidens,Mammals,Echimyidae,Carterodon,"Carterodon sulcidens (Lund, 1838)","(Lund, 1838)",1838,1700-1899,s,DD,1099681,Partial,polygon,354934,0.3956,<50%,5637,0.0051,<1%,394486,39552,0.100262113
Celeus obrieni,Celeus obrieni,Birds,Picidae,Celeus,"Celeus obrieni Short, 1973","Short, 1973",1973,1900-1999,s,VU,825273,Restricted,polygon,422126,0.6704,<80%,31799,0.0385,<5%,478330,56204,0.11750047
Cercomacra ferdinandi,Cercomacra ferdinandi,Birds,Thamnophilidae,Cercomacra,"Cercomacra ferdinandi Snethlage, 1928","Snethlage, 1928",1928,1900-1999,s,NT,269082,Partial,polygon,83782,0.7492,<80%,9616,0.0357,<5%,93759,9977,0.106411118
Cerradomys akroai,Cerradomys akroai,Mammals,Cricetidae,Cerradomys,"Cerradomys akroai Bonvicino et al., 2014","Bonvicino et al., 2014",2014,2000-2021,s,-,748,Restricted,buffer,693,0.9252,>80%,275,0.3676,>17%,722,29,0.040166205
Cerradomys marinhus,Cerradomys marinhus,Mammals,Cricetidae,Cerradomys,"Cerradomys marinhus (Bonvicino, 2003)","(Bonvicino, 2003)",2003,2000-2021,s,LC,291448,Partial,polygon,118434,0.4466,<50%,7898,0.0271,<5%,133048,14614,0.109840058
Cerradomys scotti,Cerradomys scotti,Mammals,Cricetidae,Cerradomys,"Cerradomys scotti (Langguth & Bonvicino, 2002)","(Langguth & Bonvicino, 2002)",2002,2000-2021,s,LC,2281453,Wide,polygon,649403,0.4525,<50%,46800,0.0205,<5%,722350,72947,0.100985672
Charitospiza eucosma,Charitospiza eucosma,Birds,Thraupidae,Charitospiza,"Charitospiza eucosma Oberholser, 1905","Oberholser, 1905",1905,1900-1999,s,NT,3270074,Wide,polygon,959545,0.5228,<80%,59197,0.0181,<5%,1067750,108205,0.101339265
Chiasmocleis albopunctata,Chiasmocleis albopunctata,Amphibians,Microhylidae,Chiasmocleis,"Chiasmocleis albopunctata (Boettger, 1885)","(Boettger, 1885)",1885,1700-1899,n,LC,2062226,Wide,polygon,675047,0.4624,<50%,41764,0.0203,<5%,751051,76004,0.101196856
Chiasmocleis centralis,Chiasmocleis centralis,Amphibians,Microhylidae,Chiasmocleis,"Chiasmocleis centralis Bokermann, 1952","Bokermann, 1952",1952,1900-1999,n,DD,368,Partial,buffer,149,0.4038,<50%,0,0,0%,190,41,0.215789474
Chironius brazili,Chironius brazili*,Reptiles,Colubridae,Chironius,"Chironius brazili* Hamdan & Fernandes, 2015","Hamdan & Fernandes, 2015",2015,2000-2021,s,-,1108760,Partial,polygon,169352,0.3389,<50%,8463,0.0076,<1%,178334,8982,0.050366167
Cinclodes espinhacensis,Cinclodes espinhacensis,Birds,Furnariidae,Cinclodes,"Cinclodes espinhacensis Freitas et al., 2012","Freitas et al., 2012",2012,2000-2021,s,-,2941,Restricted,polygon,1442,0.6735,<80%,454,0.1544,<17%,1441,-1,-0.000693963
Clibanornis rectirostris,Clibanornis rectirostris,Birds,Furnariidae,Clibanornis,"Clibanornis rectirostris (Wied, 1831)","(Wied, 1831)",1831,1700-1899,s,LC,1678654,Partial,polygon,399466,0.376,<50%,20477,0.0122,<5%,434936,35470,0.081552228
Clyomys laticeps,Clyomys laticeps,Mammals,Echimyidae,Clyomys,"Clyomys laticeps (Thomas, 1909)","(Thomas, 1909)",1909,1900-1999,s,LC,1373496,Partial,polygon,340536,0.3446,<50%,13027,0.0095,<1%,370852,30316,0.081746896
Coleodactylus brachystoma,Coleodactylus brachystoma,Reptiles,Sphaerodactylidae,Coleodactylus,"Coleodactylus brachystoma (Amaral, 1935)","(Amaral, 1935)",1935,1900-1999,n,LC,477642,Partial,polygon,227210,0.5163,<80%,19979,0.0418,<5%,255519,28309,0.110790196
Colobosaura modesta,Colobosaura modesta,Reptiles,Gymnophthalmidae,Colobosaura,"﻿Colobosaura modesta (Reinhardt & Lütken, 1862)","(Reinhardt & Lütken, 1862)",1862,1700-1899,n,LC,3352590,Wide,polygon,844865,0.5393,<80%,51953,0.0155,<5%,943917,99052,0.104937193
Columbina cyanopis,Columbina cyanopis,Birds,Columbidae,Columbina,"Columbina cyanopis (Pelzeln, 1870)","(Pelzeln, 1870)",1870,1700-1899,s,CR,2172,Partial,buffer,833,0.5336,<80%,264,0.1215,<17%,897,64,0.071348941
Conothraupis mesoleuca,Conothraupis mesoleuca,Birds,Thraupidae,Conothraups,"Conothraupis mesoleuca (Berlioz, 1939)","(Berlioz, 1939)",1939,1900-1999,s,EN,144734,Partial,polygon,62536,0.5009,<80%,1853,0.0128,<5%,69491,6955,0.100084903
Coryphaspiza melanotis,Coryphaspiza melanotis,Birds,Thraupidae,Coryphaspiza,"Coryphaspiza melanotis (Temminck, 1822)","(Temminck, 1822)",1822,1700-1899,s,VU,3576856,Partial,polygon,852145,0.5149,<80%,55246,0.0154,<5%,944067,91922,0.097368089
Crossodactylus franciscanus,Crossodactylus franciscanus*,Amphibians,Hylodidae,Crossodactylus,Crossodactylus franciscanus* Pimenta et al. 2015,Pimenta et al. 2015,2015,2000-2021,s,CR,714,Restricted,buffer,138,0.21,<30%,91,0.1275,<17%,137,-1,-0.00729927
Crossodactylus trachystomus,Crossodactylus trachystomus,Amphibians,Hylodidae,Crossodactylus,"Crossodactylus trachystomus (Reinhardt & Lütken, 1862)","(Reinhardt & Lütken, 1862)",1862,1700-1899,n,NT,33530,Restricted,polygon,13244,0.665,<80%,2490,0.0743,<17%,13959,715,0.051221434
Ctenomys bicolor,Ctenomys bicolor,Mammals,Ctenomyidae,Ctenomys,"Ctenomys bicolor Miranda-Ribeiro, 1914","Miranda-Ribeiro, 1914",1914,1900-1999,s,-,108826,Partial,polygon,49839,0.594,<80%,5,0,0%,57887,8048,0.139029488
Ctenomys nattereri,Ctenomys nattereri,Mammals,Ctenomyidae,Ctenomys,"Ctenomys nattereri Wagner, 1848","Wagner, 1848",1848,1700-1899,s,-,195476,Partial,polygon,33118,0.629,<80%,15090,0.0772,<17%,37284,4166,0.111736938
Cyanocorax cristatellus,Cyanocorax cristatellus,Birds,Corvidae,Cyanocorax,"Cyanocorax cristatellus (Temminck, 1823)","(Temminck, 1823)",1823,1700-1899,s,LC,4033939,Wide,polygon,982901,0.5202,<80%,69579,0.0172,<5%,1091882,108981,0.099810236
Dendropsophus anataliasiasi,Dendropsophus anataliasiasi,Amphibians,Hylidae,Dendropsophus,"Dendropsophus anataliasiasi (Bokermann, 1972)","(Bokermann, 1972)",1972,1900-1999,n,LC,400550,Partial,polygon,190107,0.6175,<80%,10619,0.0265,<5%,214093,23986,0.112035424
Dendropsophus araguaya,Dendropsophus araguaya,Amphibians,Hylidae,Dendropsophus,"Dendropsophus araguaya (Napoli & Caramaschi, 1998)","(Napoli & Caramaschi, 1998)",1998,1900-1999,n,LC,2451,Restricted,polygon,1052,0.4292,<50%,0,0,0%,1142,90,0.078809107
Dendropsophus cerradensis,Dendropsophus cerradensis,Amphibians,Hylidae,Dendropsophus,"Dendropsophus cerradensis (Napoli & Caramaschi, 1998)","(Napoli & Caramaschi, 1998)",1998,1900-1999,n,DD,714,Restricted,buffer,159,0.2221,<30%,0,0,0%,166,7,0.042168675
Dendropsophus cruzi,Dendropsophus cruzi,Amphibians,Hylidae,Dendropsophus,"Dendropsophus cruzi (Pombal & Bastos, 1998)","(Pombal & Bastos, 1998)",1998,1900-1999,n,LC,944655,Partial,polygon,388771,0.5313,<80%,25152,0.0266,<5%,431582,42811,0.099195518
Dendropsophus elianeae,Dendropsophus elianeae,Amphibians,Hylidae,Dendropsophus,"Dendropsophus elianeae (Napoli & Caramaschi, 2000)","(Napoli & Caramaschi, 2000)",2000,2000-2021,n,LC,980367,Partial,polygon,203858,0.2832,<30%,6428,0.0066,<1%,218925,15067,0.068822656
Dendropsophus jimi,Dendropsophus jimi,Amphibians,Hylidae,Dendropsophus,"Dendropsophus jimi (Napoli & Caramaschi, 1999)","(Napoli & Caramaschi, 1999)",1999,1900-1999,n,LC,828098,Partial,polygon,141123,0.2543,<30%,4985,0.006,<1%,149135,8012,0.053723137
Dendropsophus rhea,Dendropsophus rhea,Amphibians,Hylidae,Dendropsophus,"Dendropsophus rhea (Napoli & Caramaschi, 1999)","(Napoli & Caramaschi, 1999)",1999,1900-1999,n,DD,420,Restricted,buffer,64,0.1513,<30%,0,0,0%,59,-5,-0.084745763
Dendropsophus rubicundulus,Dendropsophus rubicundulus,Amphibians,Hylidae,Dendropsophus,"Dendropsophus rubicundulus (Reinhardt & Lütken, 1862)","(Reinhardt & Lütken, 1862)",1862,1700-1899,n,LC,1479361,Partial,polygon,635401,0.5695,<80%,44925,0.0304,<5%,705618,70217,0.09951135
Dendropsophus tritaeniatus,Dendropsophus tritaeniatus,Amphibians,Hylidae,Dendropsophus,"Dendropsophus tritaeniatus (Bokermann, 1965)","(Bokermann, 1965)",1965,1900-1999,n,LC,1460,Restricted,buffer,610,0.4175,<50%,75,0.0514,<17%,673,63,0.093610698
Drymoluber brazili,Drymoluber brazili,Reptiles,Colubridae,Drymoluber,"Drymoluber brazili (Gomes, 1918)","(Gomes, 1918)",1918,1900-1999,n,LC,3738607,Wide,polygon,869782,0.5027,<80%,55857,0.0149,<5%,968392,98610,0.101828598
Elachistocleis bumbameuboi,Elachistocleis bumbameuboi,Amphibians,Microhylidae,Elachistocleis,"Elachistocleis bumbameuboi Caramaschi, 2010","Caramaschi, 2010",2010,2000-2021,n,LC,757,Restricted,buffer,251,0.6658,<80%,0,0,0%,323,72,0.222910217
Elachistocleis matogrosso,Elachistocleis matogrosso,Amphibians,Microhylidae,Elachistocleis,"Elachistocleis matogrosso Caramaschi, 2010","Caramaschi, 2010",2010,2000-2021,n,LC,158207,Partial,polygon,25882,0.4661,<50%,1085,0.0069,<1%,28656,2774,0.096803462
Embernagra longicauda,Embernagra longicauda,Birds,Thraupidae,Embernagra,"Embernagra longicauda Strickland, 1844","Strickland, 1844",1844,1700-1899,s,LC,218284,Partial,polygon,34351,0.6206,<80%,3818,0.0175,<5%,35864,1513,0.042187151
Enyalius capetinga,Enyalius capetinga*,Reptiles,Leiosauridae,Enyalius,"Enyalius capetinga* Breitman et al., 2018","Breitman et al., 2018",2018,2000-2021,s,-,2536,Restricted,polygon,1467,0.5773,<80%,439,0.1731,>17%,1513,46,0.030403173
Epicrates crassus,Epicrates crassus,Reptiles,Boidae,Epicrates,"Epicrates crassus Cope, 1862","Cope, 1862",1862,1700-1899,n,LC,4378535,Wide,polygon,830493,0.4884,<50%,69196,0.0158,<5%,923239,92746,0.100457195
Epictia clinorostris,Epictia clinorostris*,Reptiles,Leptotyphlopidae,Epictia,"Epictia clinorostris* Arredondo & Zaher, 2010","Arredondo & Zaher, 2010",2010,2000-2021,s,VU,28685,Restricted,polygon,14959,0.5223,<80%,110,0.0038,<1%,16650,1691,0.101561562
Erythrolamprus maryellenae,Erythrolamprus maryellenae,Reptiles,Dipsadidae,Erythrolamprus,"Erythrolamprus maryellenae (Dixon, 1985)","(Dixon, 1985)",1985,1900-1999,n,LC,1096089,Partial,polygon,436682,0.4892,<50%,24325,0.0222,<5%,483771,47089,0.097337377
Eurolophosaurus nanuzae,Eurolophosaurus nanuzae,Reptiles,Tropiduridae,Eurolophosaurus,"Eurolophosaurus nanuzae (Rodrigues, 1981)","(Rodrigues, 1981)",1981,1900-1999,n,LC,21992,Restricted,polygon,6674,0.672,<80%,483,0.022,<5%,7154,480,0.067095331
Euryoryzomys lamia,Euryoryzomys lamia,Mammals,Cricetidae,Euryoryzomys,"Euryoryzomys lamia (Thomas, 1901)","(Thomas, 1901)",1901,1900-1999,s,VU,45977,Restricted,polygon,20836,0.4566,<50%,731,0.0159,<5%,22486,1650,0.073378991
Euscarthmus rufomarginatus,Euscarthmus rufomarginatus,Birds,Tyrannidae,Euscarthmus,"Euscarthmus rufomarginatus  (Pelzeln, 1868)","(Pelzeln, 1868)",1868,1700-1899,s,NT,3904841,Wide,polygon,858020,0.5358,<80%,60224,0.0154,<5%,962972,104952,0.108987593
Galea flavidens,Galea flavidens,Mammals,Caviidae,Galea,"Galea flavidens (Brandt, 1835)","(Brandt, 1835)",1835,1700-1899,s,LC,1324021,Partial,polygon,625150,0.5706,<80%,38848,0.0293,<5%,704416,79266,0.112527257
Geositta poeciloptera,Geositta poeciloptera,Birds,Scleruridae,Geositta,"Geositta poeciloptera (Wied, 1830)","(Wied, 1830)",1830,1700-1899,s,VU,1987612,Partial,polygon,545566,0.4153,<50%,25237,0.0127,<5%,600880,55314,0.092054986
Guyramemua affine,Guyramemua affine,Birds,Tyrannidae,Guyramemua,"Guyramemua affine (Burmeister, 1856)","(Burmeister, 1856)",1856,1700-1899,s,NT,1104,Partial,polygon,754012,0.5315,<80%,57811,0.0242,<5%,846691,92679,0.10946024
Gyldenstolpia planaltensis,Gyldenstolpia planaltensis,Mammals,Cricetidae,Gyldenstolpia,"Gyldenstolpia planaltensis (Avila-Pires, 1972)","(Avila-Pires, 1972)",1972,1900-1999,s,-,609460,Restricted,buffer,456,0.4882,<50%,167,0.1513,<17%,504,48,0.095238095
Gymnodactylus amarali,Gymnodactylus amarali,Reptiles,Phyllodactylidae,Gymnodactylus,"Gymnodactylus amarali Barbour, 1925","Barbour, 1925",1925,1900-1999,n,LC,362,Partial,polygon,322631,0.6106,<80%,28995,0.0476,<5%,366236,43605,0.119062572
Gymnodactylus guttulatus,Gymnodactylus guttulatus,Reptiles,Phyllodactylidae,Gymnodactylus,"Gymnodactylus guttulatus Vanzolini, 1982","Vanzolini, 1982",1982,1900-1999,n,LC,365,Restricted,buffer,327,0.9033,>80%,27,0.0746,<17%,331,4,0.012084592
Helicops boitata,Helicops boitata*,Reptiles,Dipsadidae,Helicops,"Helicops boitata* Moraes-da-Silva et al., 2019","Moraes-da-Silva et al., 2019",2019,2000-2021,s,-,413583,Restricted,buffer,302,0.8251,>80%,0,0,0%,326,24,0.073619632
Helicops gomesi,Helicops gomesi*,Reptiles,Dipsadidae,Helicops,"Helicops gomesi* Amaral, 1921","Amaral, 1921",1921,1900-1999,s,LC,88053,Partial,polygon,60073,0.2083,<30%,2688,0.0065,<1%,60766,693,0.011404404
Helicops phantasma,Helicops phantasma*,Reptiles,Dipsadidae,Helicops,"Helicops phantasma* Moraes-da-Silva et al., 2021 ","Moraes-da-Silva et al., 2021 ",2021,2000-2021,s,-,2359869,Partial,polygon,49465,0.7467,<80%,2697,0.0306,<5%,55561,6096,0.109717248
Herpsilochmus longirostris,Herpsilochmus longirostris,Birds,Thamnophilidae,Herpsilochmus,"Herpsilochmus longirostris Pelzeln, 1868","Pelzeln, 1868",1868,1700-1899,s,LC,34452,Partial,polygon,727067,0.4818,<50%,46636,0.0198,<5%,807127,80060,0.099191329
Heterodactylus lundii,Heterodactylus lundii,Reptiles,Gymnophthalmidae,Heterodactylus,"Heterodactylus lundii Reinhardt & Luetken, 1862","Reinhardt & Luetken, 1862",1862,1700-1899,n,EN,668490,Restricted,polygon,9892,0.2907,<30%,124,0.0036,<1%,10410,518,0.049759846
Holochilus sciureus,Holochilus sciureus,Mammals,Cricetidae,Holochilus,"Holochilus sciureus Wagner, 1842","Wagner, 1842",1842,1700-1899,s,LC,2749462,Partial,polygon,358233,0.6181,<80%,32800,0.0491,<5%,408680,50447,0.123438876
Hoplocercus spinosus,Hoplocercus spinosus,Reptiles,Hoplocercidae,Hoplocercus,"Hoplocercus spinosus Fitzinger, 1843","Fitzinger, 1843",1843,1700-1899,n,LC,1108625,Partial,polygon,717075,0.5495,<80%,58908,0.0214,<5%,811809,94734,0.116694937
Hydropsalis candicans,Hydropsalis candicans,Birds,Caprimulgidae,Hydropsalis,"Hydropsalis candicans (Pelzeln, 1867)","(Pelzeln, 1867)",1867,1700-1899,s,VU,63007,Partial,polygon,118294,0.2682,<30%,6128,0.0055,<1%,127648,9354,0.073279644
Hylaeamys acritus,Hylaeamys acritus,Mammals,Cricetidae,Hylaeamys,"Hylaeamys acritus (Emmons & Patton, 2005)","(Emmons & Patton, 2005)",2005,2000-2021,s,DD,375,Partial,OUT,NA,NA,NA,6940,0.1101,<17%,NA,NA,NA
Hylodes otavioi,Hylodes otavioi,Amphibians,Hylodidae,Hylodes,"Hylodes otavioi Sazima & Bokermann, 1983","Sazima & Bokermann, 1983",1983,1900-1999,n,VU,45228,Restricted,polygon,160,0.7407,<80%,74,0.1973,>17%,159,-1,-0.006289308
Ischnocnema penaxavantinho,Ischnocnema penaxavantinho,Amphibians,Brachycephalidae,Ischnocnema,"Ischnocnema penaxavantinho Giaretta et al., 2007","Giaretta et al., 2007",2007,2000-2021,n,LC,366,Restricted,polygon,13259,0.3008,<50%,55,0.0012,<1%,14682,1423,0.0969214
Julianus pinimus,Julianus pinimus,Amphibians,Hylidae,Julianus,"Julianus pinimus (Bokermann & Sazima, 1973)","(Bokermann & Sazima, 1973)",1973,1900-1999,n,LC,891,Restricted,buffer,433,0.6039,<80%,2,0.0028,<1%,433,0,0
Juscelinomys candango,Juscelinomys candango,Mammals,Cricetidae,Juscelinomys,"Juscelinomys candango Moojen, 1965","Moojen, 1965",1965,1900-1999,s,EX,1201,Restricted,OUT,146,0.4,<50%,83,0.2268,>17%,162,16,0.098765432
Juscelinomys huanchacae,Juscelinomys huanchacae,Mammals,Cricetidae,Juscelinomys,"Juscelinomys huanchacae Emmons, 1999","Emmons, 1999",1999,1900-1999,s,DD,892348,Restricted,OUT,NA,NA,NA,1201,1,>17%,NA,NA,NA
Kentropyx paulensis,Kentropyx paulensis,Reptiles,Teiidae,Kentropyx,"Kentropyx paulensis Boettger, 1893","Boettger, 1893",1893,1700-1899,n,LC,668452,Partial,polygon,275725,0.3721,<50%,10957,0.0123,<5%,298826,23101,0.077305857
Kentropyx vanzoi,Kentropyx vanzoi,Reptiles,Teiidae,Kentropyx,"Kentropyx vanzoi Gallagher & Dixon, 1980","Gallagher & Dixon, 1980",1980,1900-1999,n,NT,6089,Partial,polygon,224753,0.4678,<50%,5750,0.0086,<1%,254191,29438,0.115810552
Kerodon acrobata,Kerodon acrobata,Mammals,Caviidae,Kerodon,"Kerodon acrobata Moojen et al., 1997","Moojen et al., 1997",1997,1900-1999,s,DD,250655,Restricted,polygon,3513,0.5768,<80%,0,0,0%,4202,689,0.163969538
Knipolegus franciscanus,Knipolegus franciscanus,Birds,Tyrannidae,Knipolegus,"Knipolegus franciscanus Snethlage, 1928","Snethlage, 1928",1928,1900-1999,s,LC,3560689,Partial,polygon,125976,0.5866,<80%,7248,0.0289,<5%,142756,16780,0.117543221
Kunsia tomentosus,Kunsia tomentosus,Mammals,Cricetidae,Kunsia,"Kunsia tomentosus (Lichtenstein, 1830)","(Lichtenstein, 1830)",1830,1700-1899,s,LC,835712,Partial,polygon,408600,0.3767,<50%,30019,0.0084,<1%,450627,42027,0.093263386
Laterallus xenopterus,Laterallus xenopterus,Birds,Rallidae,Laterallus,"Laterallus xenopterus Conover, 1934","Conover, 1934",1934,1900-1999,s,VU,361,Partial,polygon,262674,0.3621,<50%,14436,0.0173,<5%,287436,24762,0.086147873
Leposternon cerradensis,Leposternon cerradensis,Reptiles,Amphisbaenidae,Leposternon,"Leposternon cerradensis Ribeiro et al., 2008","Ribeiro et al., 2008",2008,2000-2021,n,DD,853,Restricted,buffer,96,0.2652,<30%,0,0,0%,72,-24,-0.333333333
Leposternon maximus,Leposternon maximus,Reptiles,Amphisbaenidae,Leposternon,"Leposternon maximus Ribeiro et al., 2011","Ribeiro et al., 2011",2011,2000-2021,n,LC,726,Restricted,buffer,738,0.8662,>80%,259,0.3036,>17%,767,29,0.037809648
Leposternon mineiro,Leposternon mineiro*,Reptiles,Amphisbaenidae,Leposternon,"Leposternon mineiro* Ribeiro et al., 2018","Ribeiro et al., 2018",2018,2000-2021,s,-,207024,Restricted,buffer,278,0.3829,<50%,0,0,0%,329,51,0.155015198
Leptodactylus brevipes,Leptodactylus brevipes*,Amphibians,Leptodactylidae,Leptodactylus,"Leptodactylus brevipes* Cope, 1887","Cope, 1887",1887,1700-1899,s,LC,12495,Partial,polygon,80886,0.4888,<50%,568,0.0027,<1%,94928,14042,0.147922636
Leptodactylus camaquara,Leptodactylus camaquara,Amphibians,Leptodactylidae,Leptodactylus,"Leptodactylus camaquara Sazima & Bokermann, 1978","Sazima & Bokermann, 1978",1978,1900-1999,n,NT,42533,Restricted,polygon,6352,0.7973,<80%,892,0.0714,<17%,6725,373,0.055464684
Leptodactylus cunicularius,Leptodactylus cunicularius,Amphibians,Leptodactylidae,Leptodactylus,"Leptodactylus cunicularius Sazima & Bokermann, 1978","Sazima & Bokermann, 1978",1978,1900-1999,n,LC,1856186,Restricted,polygon,5927,0.3202,<50%,494,0.0116,<5%,5859,-68,-0.011606076
Leptodactylus furnarius,Leptodactylus furnarius,Amphibians,Leptodactylidae,Leptodactylus,"Leptodactylus furnarius Sazima & Bokermann, 1978","Sazima & Bokermann, 1978",1978,1900-1999,n,LC,32359,Partial,polygon,585617,0.4485,<50%,28313,0.0153,<5%,648092,62475,0.096398351
Leptodactylus kilombo,Leptodactylus kilombo*,Amphibians,Leptodactylidae,Leptodactylus,"Leptodactylus kilombo* Silva et al., 2020","Silva et al., 2020",2020,2000-2021,s,LC,1805011,Restricted,polygon,15893,0.5481,<80%,601,0.0186,<5%,20589,4696,0.228082957
Leptodactylus pustulatus,Leptodactylus pustulatus,Amphibians,Leptodactylidae,Leptodactylus,"Leptodactylus pustulatus (Peters, 1870)","(Peters, 1870)",1970,1900-1999,n,LC,1955949,Partial,polygon,612020,0.6464,<80%,39705,0.022,<5%,696634,84614,0.121461198
Leptodactylus sertanejo,Leptodactylus sertanejo,Amphibians,Leptodactylidae,Leptodactylus,"Leptodactylus sertanejo Giaretta & Costa, 2007","Giaretta & Costa, 2007",2007,2000-2021,n,LC,369,Wide,polygon,686055,0.4688,<50%,41134,0.021,<5%,765103,79048,0.103316808
Leptodactylus tapiti,Leptodactylus tapiti,Amphibians,Leptodactylidae,Leptodactylus,"Leptodactylus tapiti Sazima & Bokermann, 1978","Sazima & Bokermann, 1978",1978,1900-1999,n,VU,709,Restricted,buffer,332,0.8973,>80%,73,0.1978,>17%,335,3,0.008955224
Liotyphlops schubarti,Liotyphlops schubarti,Reptiles,Anomalepididae,Liotyphlops,"Liotyphlops schubarti Vanzolini, 1948","Vanzolini, 1948",1948,1900-1999,n,DD,367,Restricted,buffer,144,0.2031,<30%,0,0,0%,146,2,0.01369863
Liotyphlops taylori,Liotyphlops taylori*,Reptiles,Anomalepididae,Liotyphlops,"Liotyphlops taylori* Marra-Santos & Reis, 2018","Marra-Santos & Reis, 2018",2018,2000-2021,s,-,33611,Restricted,buffer,296,0.8087,>80%,135,0.3678,>17%,309,13,0.042071197
Lonchophylla bokermanni,Lonchophylla bokermanni,Mammals,Phyllostomidae,Lonchophylla,"Lonchophylla bokermanni Sazima et al., 1978","Sazima et al., 1978",1978,1900-1999,s,EN,1888936,Restricted,polygon,9878,0.8016,>80%,1197,0.0356,<5%,10385,507,0.048820414
Lonchophylla dekeyseri,Lonchophylla dekeyseri,Mammals,Phyllostomidae,Lonchophylla,"Lonchophylla dekeyseri Taddei et al., 1983","Taddei et al., 1983",1983,1900-1999,s,EN,2865103,Partial,polygon,752400,0.61,<80%,54623,0.0289,<5%,843453,91053,0.107952666
Lycalopex vetulus,Lycalopex vetulus,Mammals,Canidae,Lycalopex,"Lycalopex vetulus (Lund, 1842)","(Lund, 1842)",1842,1700-1899,s,NT,2337650,Wide,polygon,916241,0.5232,<80%,55754,0.0195,<5%,1018134,101893,0.100078182
Lygophis paucidens,Lygophis paucidens,Reptiles,Dipsadidae,Lygophis,"Lygophis paucidens (Hoge, 1953)","(Hoge, 1953)",1953,1900-1999,n,LC,36218,Partial,polygon,807705,0.5473,<80%,51135,0.0219,<5%,904410,96705,0.106926062
Lysapsus caraya,Lysapsus caraya,Amphibians,Hylidae,Lysapsus,"Lysapsus caraya Gallardo, 1964","Gallardo, 1964",1964,1900-1999,n,LC,1791497,Restricted,polygon,27590,0.847,>80%,7269,0.2007,>17%,28711,1121,0.039044269
Manciola guaporicola,Manciola guaporicola,Reptiles,Scincidae,Maciola,"Manciola guaporicola (Dunn, 1935)","(Dunn, 1935)",1935,1900-1999,n,LC,3451937,Partial,polygon,396033,0.426,<50%,27639,0.0154,<5%,439087,43054,0.098053461
Melanopareia torquata,Melanopareia torquata,Birds,Melanopareiidae,Melanopareia,"Melanopareia torquata (Wied, 1831)","(Wied, 1831)",1831,1700-1899,s,LC,1165723,Wide,polygon,913971,0.5088,<80%,58797,0.017,<5%,1017597,103626,0.101834027
Micrablepharus atticolus,Micrablepharus atticolus,Reptiles,Gymnophthalmidae,Micrablepharus,"Micrablepharus atticolus Rodrigues, 1996","Rodrigues, 1996",1996,1900-1999,n,LC,733,Partial,polygon,380022,0.4347,<50%,9664,0.0083,<1%,418853,38831,0.092707943
Microakodontomys transitorius,Microakodontomys transitorius,Mammals,Cricetidae,Microakodontomys,"Microakodontomys transitorius Hershkovitz, 1993","Hershkovitz, 1993",1993,1900-1999,s,EN,626550,Restricted,buffer,508,0.693,<80%,318,0.4338,>17%,517,9,0.017408124
Microspingus cinereus,Microspingus cinereus,Birds,Thraupidae,Microspingus,"Microspingus cinereus Bonaparte, 1850","Bonaparte, 1850",1850,1700-1899,s,LC,197935,Partial,polygon,305178,0.3784,<50%,13734,0.0127,<5%,331291,26113,0.078821942
Micrurus brasiliensis,Micrurus brasiliensis,Reptiles,Elapidae,Micrurus,"Micrurus brasiliensis Roze, 1967","Roze, 1967",1967,1900-1999,n,LC,3347924,Partial,polygon,342342,0.7054,<80%,28962,0.0462,<5%,385014,42672,0.110832333
Micrurus tricolor,Micrurus tricolor,Reptiles,Elapidae,Micrurus,"Micrurus tricolor Hoge, 1956","Hoge, 1956",1956,1900-1999,n,LC,734,Partial,polygon,26513,0.4686,<50%,1083,0.0055,<1%,28945,2432,0.08402142
Monodelphis kunsi,Monodelphis kunsi,Mammals,Didelphidae,Monodelphis,"Monodelphis kunsi Pine, 1975","Pine, 1975",1975,1900-1999,s,LC,1694948,Partial,polygon,604014,0.433,<50%,43365,0.013,<5%,668384,64370,0.096306913
Monodelphis sanctaerosae,Monodelphis sanctaerosae,Mammals,Didelphidae,Monodelphis,"Monodelphis sanctaerosae Voss et al., 2012","Voss et al., 2012",2012,2000-2021,s,-,4017704,Restricted,buffer,290,0.7859,<80%,0,0,0%,305,15,0.049180328
Myiothlypis leucophrys,Myiothlypis leucophrys,Birds,Parulidae,Myiothlypis,"Myiothlypis leucophrys (Pelzeln, 1868)","(Pelzeln, 1868)",1868,1700-1899,s,LC,1222422,Partial,polygon,572190,0.4424,<50%,27987,0.0165,<5%,636994,64804,0.101734082
Neothraupis fasciata,Neothraupis fasciata,Birds,Thraupidae,Neothraupis,"Neothraupis fasciata (Lichtenstein, 1823)","(Lichtenstein, 1823)",1823,1700-1899,s,NT,47687,Wide,polygon,932760,0.5118,<80%,72913,0.0181,<5%,1039613,106853,0.102781516
Nothura minor,Nothura minor,Birds,Tinamidae,Nothura,"Nothura minor (Spix, 1825)","(Spix, 1825)",1825,1700-1899,s,VU,263013,Partial,polygon,261373,0.3081,<50%,6810,0.0056,<1%,281814,20441,0.072533657
Nyctiprogne vielliardi,Nyctiprogne vielliardi,Birds,Caprimulgidae,Nyctiprogne,"Nyctiprogne vielliardi (Lencioni-Neto, 1994)","(Lencioni-Neto, 1994)",1994,1900-1999,s,LC,602779,Restricted,polygon,22173,0.6429,<80%,864,0.0181,<5%,23606,1433,0.060704906
Nystalus striatipectus,Nystalus striatipectus,Birds,Bucconidae,Nystalus,Nystalus striatipectus (Sclater 1854),(Sclater 1854),1854,1700-1899,s,-,43994,Partial,polygon,43668,0.2832,<30%,1112,0.0042,<1%,48573,4905,0.100982027
Odontophrynus cultripes,Odontophrynus cultripes,Amphibians,Odontophrynidae,Odontophrynus,"Odontophrynus cultripes Reinhardt & Lütken, 1862","Reinhardt & Lütken, 1862",1862,1700-1899,n,LC,358,Partial,polygon,144132,0.3068,<50%,5950,0.0099,<1%,152655,8523,0.055831778
Odontophrynus juquinha,Odontophrynus juquinha*,Amphibians,Odontophrynidae,Odontophrynus,Odontophrynus juquinha* Rocha et al. 2017,Rocha et al. 2017,2017,2000-2021,s,LC,833008,Restricted,polygon,18769,0.7003,<80%,3026,0.0688,<17%,19956,1187,0.059480858
Odontophrynus monachus,Odontophrynus monachus,Amphibians,Odontophrynidae,Odontophrynus,"Odontophrynus monachus Caramaschi & Napoli, 2012","Caramaschi & Napoli, 2012",2012,2000-2021,n,LC,297359,Restricted,buffer,161,0.451,<50%,186,0.5196,>17%,154,-7,-0.045454545
Oecomys cleberi,Oecomys cleberi,Mammals,Cricetidae,Oecomys,"Oecomys cleberi Locks, 1981","Locks, 1981",1981,1900-1999,s,DD,1470,Partial,polygon,201750,0.3215,<50%,4694,0.0056,<1%,221133,19383,0.087653132
Oligoryzomys moojeni,Oligoryzomys moojeni,Mammals,Cricetidae,Oligoryzomys,"Oligoryzomys moojeni Weksler & Bonvicino, 2005","Weksler & Bonvicino, 2005",2005,2000-2021,s,DD,1286,Partial,polygon,175394,0.6323,<80%,21823,0.0734,<17%,200570,25176,0.125522262
Oligoryzomys rupestris,Oligoryzomys rupestris,Mammals,Cricetidae,Oligoryzomys,"Oligoryzomys rupestris Weksler & Bonvicino, 2005","Weksler & Bonvicino, 2005",2005,2000-2021,s,DD,16557,Partial,buffer,472,0.9833,>80%,401,0.2728,>17%,472,0,0
Ololygon canastrensis,Ololygon canastrensis,Amphibians,Hylidae,Ololygon,"Scinax canastrensis (Cardoso & Haddad, 1982)","(Cardoso & Haddad, 1982)",1982,1900-1999,n,LC,11094,Restricted,polygon,8512,0.2896,<30%,1994,0.0668,<17%,8343,-169,-0.020256502
Ololygon centralis,Ololygon centralis,Amphibians,Hylidae,Ololygon,"Scinax centralis Pombal & Bastos, 1996","Pombal & Bastos, 1996",1996,1900-1999,n,LC,1067899,Restricted,polygon,3407,0.3073,<50%,48,0.0043,<1%,3710,303,0.081671159
Ololygon goya,Ololygon goya*,Amphibians,Hylidae,Ololygon,"Scinax goya* (Andrade et al., 2018)","(Andrade et al., 2018)",2018,2000-2021,s,DD,541,Restricted,buffer,216,0.587,<80%,0,0,0%,267,51,0.191011236
Ololygon machadoi,Ololygon machadoi,Amphibians,Hylidae,Ololygon,"Scinax machadoi (Bokermann & Sazima, 1973)","(Bokermann & Sazima, 1973)",1973,1900-1999,n,LC,9703,Restricted,polygon,11841,0.7728,<80%,1876,0.075,<17%,12444,603,0.048457088
Ololygon pombali,Ololygon pombali,Amphibians,Hylidae,Ololygon,"Scinax pombali Lourenço et al., 2013","Lourenço et al., 2013",2013,2000-2021,n,DD,153012,Restricted,buffer,469,0.5264,<80%,564,0.633,>17%,453,-16,-0.035320088
Ololygon skaios,Ololygon skaios,Amphibians,Hylidae,Ololygon,"Scinax skaios Pombal et al., 2010","Pombal et al., 2010",2010,2000-2021,n,LC,44500,Restricted,polygon,19687,0.5075,<80%,744,0.0192,<5%,21067,1380,0.065505293
Oreobates antrum,Oreobates antrum*,Amphibians,Craugastoridae,Oreobates,Oreobates antrum* Vaz-Lima et al. 2018,Vaz-Lima et al. 2018,2018,2000-2021,s,LC,933,Restricted,buffer,763,0.5938,<80%,24,0.0187,<5%,817,54,0.066095471
Oreobates heterodactylus,Oreobates heterodactylus,Amphibians,Craugastoridae,Oreobates,"Oreobates heterodactylus (Miranda-Ribeiro, 1937)","(Miranda-Ribeiro, 1937)",1937,1900-1999,n,LC,2415453,Restricted,polygon,10771,0.6514,<80%,524,0.0316,<5%,11872,1101,0.092739218
Oreobates remotus,Oreobates remotus,Amphibians,Craugastoridae,Oreobates,"Oreobates remotus Teixeira Jr. et al., 2012","Teixeira Jr. et al., 2012",2012,2000-2021,n,EN,1045,Restricted,buffer,775,0.8315,>80%,389,0.4169,>17%,806,31,0.038461538
Oxymycterus delator,Oxymycterus delator,Mammals,Cricetidae,Oxymycterus,"Oxymycterus delator Thomas, 1903","Thomas, 1903",1903,1900-1999,s,LC,83135,Wide,polygon,715046,0.4799,<50%,48077,0.0199,<5%,787419,72373,0.091911676
Oxymycterus itapeby,Oxymycterus itapeby,Mammals,Cricetidae,Oxymycterus,"Oxymycterus itapeby Peçanha et al., 2019","Peçanha et al., 2019",2019,2000-2021,s,-,1054646,Restricted,buffer,178,0.2977,<30%,0,0,0%,168,-10,-0.05952381
Paroaria baeri,Paroaria baeri,Birds,Thraupidae,Paroaria,"Paroaria baeri Hellmayr, 1907","Hellmayr, 1907",1907,1900-1999,s,LC,2109777,Partial,polygon,59668,0.739,<80%,9157,0.1101,<17%,64101,4433,0.069156487
Penelope ochrogaster,Penelope ochrogaster,Birds,Cracidae,Penelope,"Penelope ochrogaster Pelzeln, 1870","Pelzeln, 1870",1870,1700-1899,s,VU,368,Partial,polygon,437183,0.5245,<80%,24593,0.0233,<5%,486470,49287,0.1013156
Phaethornis nattereri,Phaethornis nattereri,Birds,Trochilidae,Phaethornis,"Phaethornis nattereri Berlepsch, 1887","Berlepsch, 1887",1887,1700-1899,s,LC,17642,Partial,polygon,571652,0.6594,<80%,42917,0.0203,<5%,646737,75085,0.116098198
Phalotris cerradensis,Phalotris cerradensis*,Reptiles,Dipsadidae,Phalotris,"Phalotris cerradensis* Silveira, 2020","Silveira, 2020",2020,2000-2021,s,-,49626,Restricted,buffer,291,0.7929,<80%,97,0.2636,>17%,357,66,0.18487395
Phalotris concolor,Phalotris concolor,Reptiles,Dipsadidae,Phalotris,"Phalotris concolor Ferrarezzi, 1994","Ferrarezzi, 1994",1994,1900-1999,n,DD,122868,Restricted,polygon,9640,0.6023,<80%,154,0.0087,<1%,10487,847,0.080766663
Phalotris labiomaculatus,Phalotris labiomaculatus,Reptiles,Dipsadidae,Phalotris,"Phalotris labiomaculatus Lema, 2002","Lema, 2002",2002,2000-2021,n,LC,841607,Restricted,polygon,39953,0.8711,>80%,1296,0.0261,<5%,43625,3672,0.08417192
Phalotris lativittatus,Phalotris lativittatus,Reptiles,Dipsadidae,Phalotris,"Phalotris lativittatus Ferrarezzi, 1994","Ferrarezzi, 1994",1994,1900-1999,n,NT,634842,Partial,polygon,10216,0.1792,<30%,261,0.0021,<1%,9690,-526,-0.054282766
Phalotris matogrossensis,Phalotris matogrossensis,Reptiles,Dipsadidae,Phalotris,"Phalotris matogrossensis Lema et al., 2005","Lema et al., 2005",2005,2000-2021,n,LC,1055,Partial,polygon,129725,0.279,<30%,4806,0.0057,<1%,140660,10935,0.077740651
Phalotris mertensi,Phalotris mertensi,Reptiles,Dipsadidae,Phalotris,"Phalotris mertensi (Hoge, 1955)","(Hoge, 1955)",1955,1900-1999,n,LC,1511881,Partial,polygon,67590,0.2033,<30%,2693,0.0042,<1%,68574,984,0.014349462
Phalotris multipunctatus,Phalotris multipunctatus,Reptiles,Dipsadidae,Phalotris,"Phalotris multipunctatus Puorto & Ferrarezzi, 1994","Puorto & Ferrarezzi, 1994",1994,1900-1999,n,EN,11924,Partial,buffer,103,0.1461,<30%,8,0.0076,<1%,103,0,0
Phalotris nasutus,Phalotris nasutus,Reptiles,Dipsadidae,Phalotris,"Phalotris nasutus (Gomes, 1915)","(Gomes, 1915)",1915,1900-1999,n,LC,388737,Partial,polygon,386080,0.4018,<50%,8774,0.0058,<1%,426438,40358,0.094639784
Phasmahyla jandaia,Phasmahyla jandaia,Amphibians,Phyllomedusidae,Phasmahyla,"Phasmahyla jandaia (Bokermann & Sazima, 1978)","(Bokermann & Sazima, 1978)",1978,1900-1999,n,LC,724317,Restricted,polygon,2359,0.6377,<80%,425,0.0356,<5%,2469,110,0.04455245
Philodryas livida,Philodryas livida,Reptiles,Dipsadidae,Philodryas,"Philodryas livida (Amaral, 1923)","(Amaral, 1923)",1923,1900-1999,n,VU,750210,Partial,polygon,52225,0.2241,<30%,1995,0.0051,<1%,56365,4140,0.073449836
Philodryas mattogrossensis,Philodryas mattogrossensis,Reptiles,Dipsadidae,Philodryas,"Philodryas mattogrossensis Koslowsky, 1898","Koslowsky, 1898",1898,1700-1899,n,LC,2411,Partial,polygon,88960,0.2491,<30%,4421,0.0061,<1%,95138,6178,0.064937249
Phyllomyias reiseri,Phyllomyias reiseri,Birds,Tyrannidae,Phyllomyias,"Phyllomyias reiseri Hellmayr, 1905","Hellmayr, 1905",1905,1900-1999,s,LC,1334,Partial,polygon,295224,0.4358,<50%,17866,0.0238,<5%,331300,36076,0.108892243
Phyllomys brasiliensis,Phyllomys brasiliensis,Mammals,Echimyidae,Phyllomys,"Phyllomys brasiliensis Lund, 1840","Lund, 1840",1840,1700-1899,s,EN,240589,Restricted,polygon,903,0.3747,<50%,107,0.0444,<5%,879,-24,-0.027303754
Phyllomys centralis,Phyllomys centralis,Mammals,Echimyidae,Phyllomys,"Phyllomys centralis Machado et al., 2018","Machado et al., 2018",2018,2000-2021,s,-,583,Restricted,buffer,592,0.4441,<50%,57,0.0427,<5%,633,41,0.064770932
Phylloscartes roquettei,Phylloscartes roquettei,Birds,Rhynchocyclidae,Phylloscartes,"Phylloscartes roquettei Snethlage, 1928","Snethlage, 1928",1928,1900-1999,s,EN,1826841,Partial,polygon,106492,0.5931,<80%,7195,0.0299,<5%,114474,7982,0.069727624
Physalaemus atim,Physalaemus atim*,Amphibians,Leptodactylidae,Physalaemus,"Physalaemus atim* Brasileiro & Haddad, 2015","Brasileiro & Haddad, 2015",2015,2000-2021,s,LC,360,Restricted,polygon,132,0.226,<30%,5,0.0086,<1%,131,-1,-0.007633588
Physalaemus centralis,Physalaemus centralis,Amphibians,Leptodactylidae,Physalaemus,"Physalaemus centralis Bokermann, 1962","Bokermann, 1962",1962,1900-1999,n,LC,2352,Wide,polygon,596555,0.4776,<50%,39992,0.0219,<5%,663858,67303,0.101381621
Physalaemus claptoni,Physalaemus claptoni*,Amphibians,Leptodactylidae,Physalaemus,"Physalaemus claptoni*  Leal et al., 2020","Leal et al., 2020",2020,2000-2021,s,DD,5445,Restricted,buffer,304,0.8421,>80%,57,0.1583,<17%,305,1,0.003278689
Physalaemus deimaticus,Physalaemus deimaticus,Amphibians,Leptodactylidae,Physalaemus,"Physalaemus deimaticus Sazima & Caramaschi, 1988","Sazima & Caramaschi, 1988",1988,1900-1999,n,LC,1228199,Restricted,polygon,1831,0.7791,<80%,104,0.0442,<5%,1859,28,0.015061861
Physalaemus evangelistai,Physalaemus evangelistai,Amphibians,Leptodactylidae,Physalaemus,"Physalaemus evangelistai Bokermann, 1967","Bokermann, 1967",1967,1900-1999,n,NT,1987481,Restricted,polygon,3874,0.7112,<80%,474,0.0871,<17%,3955,81,0.020480405
Physalaemus marmoratus,Physalaemus marmoratus,Amphibians,Leptodactylidae,Physalaemus,"Physalaemus marmoratus (Reinhardt & Lütken, 1862)","(Reinhardt & Lütken, 1862)",1862,1700-1899,n,LC,1108,Partial,polygon,337897,0.361,<50%,16089,0.0131,<5%,368155,30258,0.082188209
Physalaemus nattereri,Physalaemus nattereri,Amphibians,Leptodactylidae,Physalaemus,"Physalaemus nattereri (Steindachner, 1863)","(Steindachner, 1863)",1863,1700-1899,n,LC,72110,Wide,polygon,663446,0.4657,<50%,41283,0.0208,<5%,741061,77615,0.104734968
Pithecopus araguaius,Pithecopus araguaius*,Amphibians,Phyllomedusidae,Pithecopus,Pithecopus araguaius* Haga et al. 2017,Haga et al. 2017,2017,2000-2021,s,LC,2392121,Partial,buffer,656,0.5921,<80%,98,0.0884,<17%,665,9,0.013533835
Pithecopus ayeaye,Pithecopus ayeaye,Amphibians,Phyllomedusidae,Pithecopus,"Pithecopus ayeaye Lutz, 1966","Lutz, 1966",1966,1900-1999,n,LC,105166,Partial,polygon,8897,0.3013,<50%,2091,0.029,<5%,8684,-213,-0.024527867
Pithecopus azureus,Pithecopus azureus,Amphibians,Phyllomedusidae,Pithecopus,"Pithecopus azureus (Cope, 1862)","(Cope, 1862)",1862,1700-1899,n,LC,53181,Partial,polygon,849310,0.5317,<80%,53593,0.0224,<5%,950984,101674,0.106914522
Pithecopus centralis,Pithecopus centralis,Amphibians,Phyllomedusidae,Pithecopus,"Pithecopus centralis (Bokermann, 1965)","(Bokermann, 1965)",1965,1900-1999,n,VU,82568,Partial,polygon,30253,0.4749,<50%,581,0.0055,<1%,33301,3048,0.091528783
Pithecopus megacephalus,Pithecopus megacephalus,Amphibians,Phyllomedusidae,Pithecopus,"Pithecopus megacephalus (Miranda-Ribeiro, 1926)","(Miranda-Ribeiro, 1926)",1926,1900-1999,n,LC,359,Restricted,polygon,20157,0.656,<80%,3718,0.0699,<17%,21335,1178,0.055214436
Pithecopus oreades,Pithecopus oreades,Amphibians,Phyllomedusidae,Pithecopus,"Pithecopus oreades (Brandão, 2002)","(Brandão, 2002)",2002,2000-2021,n,LC,442086,Partial,polygon,37135,0.4495,<50%,1701,0.0206,<5%,40787,3652,0.089538333
Placosoma cipoense,Placosoma cipoense,Reptiles,Gymnophthalmidae,Placosoma,"Placosoma cipoense Cunha, 1966","Cunha, 1966",1966,1900-1999,n,EN,1081620,Restricted,buffer,241,0.9129,>80%,224,0.624,>17%,237,-4,-0.016877637
Polystictus superciliaris,Polystictus superciliaris,Birds,Tyrannidae,Polystictus,"Polystictus superciliaris (Wied, 1831)","(Wied, 1831)",1831,1700-1899,s,LC,3175252,Partial,polygon,75493,0.4524,<50%,6555,0.0148,<5%,79076,3583,0.04531084
Porphyrospiza caerulescens,Porphyrospiza caerulescens,Birds,Thraupidae,Porphyrospiza,"Porphyrospiza caerulescens (Wied, 1830)","(Wied, 1830)",1830,1700-1899,s,NT,113765,Wide,polygon,899222,0.5506,<80%,74553,0.0235,<5%,1001974,102752,0.102549567
Pristimantis dundeei,Pristimantis dundeei,Amphibians,Craugastoridae,Pristimantis,"Pristimantis dundeei (Heyer & Muñoz, 1999)","(Heyer & Muñoz, 1999)",1999,1900-1999,n,LC,29032,Partial,polygon,40964,0.3646,<50%,1843,0.0162,<5%,44955,3991,0.088777667
Pristimantis moa,Pristimantis moa*,Amphibians,Craugastoridae,Pristimantis,"Pristimantis moa* Oliveira et al., 2020","Oliveira et al., 2020",2020,2000-2021,s,LC,13038,Restricted,polygon,21542,0.7913,<80%,380,0.0131,<5%,25107,3565,0.141992273
Pristimantis ventrigranulosus,Pristimantis ventrigranulosus,Amphibians,Craugastoridae,Pristimantis,"Pristimantis ventrigranulosus Maciel et al., 2012","Maciel et al., 2012",2012,2000-2021,n,-,926,Restricted,polygon,4628,0.3555,<50%,0,0,0%,5499,871,0.158392435
Proceratophrys bagnoi,Proceratophrys bagnoi,Amphibians,Odontophrynidae,Proceratophrys,"Proceratophrys bagnoi Brandão et al., 2013","Brandão et al., 2013",2013,2000-2021,n,EN,151905,Restricted,buffer,728,0.787,<80%,0,0,0%,787,59,0.074968234
Proceratophrys branti,Proceratophrys branti,Amphibians,Odontophrynidae,Proceratophrys,"Proceratophrys branti Brandão et al., 2013","Brandão et al., 2013",2013,2000-2021,n,LC,363,Partial,polygon,108842,0.7457,<80%,12781,0.0841,<17%,119772,10930,0.091256721
Proceratophrys carranca,Proceratophrys carranca,Amphibians,Odontophrynidae,Proceratophrys,"Proceratophrys carranca Godinho et al., 2013","Godinho et al., 2013",2013,2000-2021,n,VU,2291,Restricted,buffer,174,0.4807,<50%,0,0,0%,178,4,0.02247191
Proceratophrys cururu,Proceratophrys cururu,Amphibians,Odontophrynidae,Proceratophrys,"Proceratophrys cururu Eterovick & Sazima, 1998","Eterovick & Sazima, 1998",1998,1900-1999,n,VU,66603,Restricted,polygon,1813,0.7893,<80%,426,0.1859,>17%,1840,27,0.014673913
Proceratophrys dibernardoi,Proceratophrys dibernardoi,Amphibians,Odontophrynidae,Proceratophrys,"Proceratophrys dibernardoi Brandão et al., 2013","Brandão et al., 2013",2013,2000-2021,n,LC,100782,Partial,polygon,19043,0.2861,<30%,1647,0.0247,<5%,20815,1772,0.085130915
Proceratophrys goyana,Proceratophrys goyana,Amphibians,Odontophrynidae,Proceratophrys,"Proceratophrys goyana (Miranda-Ribeiro, 1937)","(Miranda-Ribeiro, 1937)",1937,1900-1999,n,LC,1102,Partial,polygon,60672,0.6104,<80%,2507,0.0249,<5%,65281,4609,0.070602472
Proceratophrys huntingtoni,Proceratophrys huntingtoni,Amphibians,Odontophrynidae,Proceratophrys,"Proceratophrys huntingtoni Ávila et al., 2012","Ávila et al., 2012",2012,2000-2021,n,VU,226403,Restricted,buffer,694,0.7495,<80%,0,0,0%,759,65,0.085638999
Proceratophrys moratoi,Proceratophrys moratoi,Amphibians,Odontophrynidae,Proceratophrys,Proceratophrys moratoi (Jim & Caramaschi 1980),(Jim & Caramaschi 1980),1980,1900-1999,n,LC,376,Partial,polygon,34847,0.1986,<30%,1027,0.0045,<1%,35509,662,0.018643161
Proceratophrys rotundipalpebra,Proceratophrys rotundipalpebra,Amphibians,Odontophrynidae,Proceratophrys,"Proceratophrys rotundipalpebra Martins & Giaretta, 2013","Martins & Giaretta, 2013",2013,2000-2021,n,NT,28016,Restricted,polygon,369,0.9762,>80%,252,0.6702,>17%,366,-3,-0.008196721
Proceratophrys salvatori,Proceratophrys salvatori,Amphibians,Odontophrynidae,Proceratophrys,"Proceratophrys salvatori (Caramaschi, 1996)","(Caramaschi, 1996)",1996,1900-1999,n,LC,236,Restricted,polygon,13201,0.4705,<50%,731,0.0261,<5%,14359,1158,0.080646285
Proceratophrys strussmannae,Proceratophrys strussmannae,Amphibians,Odontophrynidae,Proceratophrys,"Proceratophrys strussmannae Ávila et al., 2011","Ávila et al., 2011",2011,2000-2021,n,LC,21126,Restricted,polygon,88,0.3745,<50%,0,0,0%,86,-2,-0.023255814
Proceratophrys vielliardi,Proceratophrys vielliardi,Amphibians,Odontophrynidae,Proceratophrys,"Proceratophrys vielliardi Martins & Giaretta, 2011","Martins & Giaretta, 2011",2011,2000-2021,n,LC,304291,Restricted,polygon,7578,0.358,<50%,242,0.0115,<5%,9080,1502,0.165418502
Pseudis tocantins,Pseudis tocantins,Amphibians,Hylidae,Pseudis,"Pseudis tocantins Caramaschi & Cruz, 1998","Caramaschi & Cruz, 1998",1998,1900-1999,n,LC,12616,Partial,polygon,170652,0.6766,<80%,11099,0.0365,<5%,190485,19833,0.104118435
Pseudopaludicola atragula,Pseudopaludicola atragula*,Amphibians,Leptodactylidae,Pseudopaludicola,Pseudopaludicola atragula* Pansonato et al. 2014,Pansonato et al. 2014,2014,2000-2021,s,LC,731,Restricted,polygon,1934,0.1539,<30%,0,0,0%,1764,-170,-0.096371882
Pseudopaludicola coracoralinae,Pseudopaludicola coracoralinae*,Amphibians,Leptodactylidae,Pseudopaludicola,"Pseudopaludicola coracoralinae* Andrade et al., 2020","Andrade et al., 2020",2020,2000-2021,s,LC,64702,Restricted,buffer,125,0.1712,<30%,0,0,0%,117,-8,-0.068376068
Pseudopaludicola facureae,Pseudopaludicola facureae*,Amphibians,Leptodactylidae,Pseudopaludicola,"Pseudopaludicola facureae* Andrade & Carvalho, 2013","Andrade & Carvalho, 2013",2013,2000-2021,s,LC,726,Partial,polygon,8031,0.1732,<30%,158,0.0024,<1%,8199,168,0.020490304
Pseudopaludicola ibisoroca,Pseudopaludicola ibisoroca*,Amphibians,Leptodactylidae,Pseudopaludicola,Pseudopaludicola ibisoroca* Pansonato et al. 2016,Pansonato et al. 2016,2016,2000-2021,s,VU,409,Restricted,buffer,227,0.3127,<50%,0,0,0%,235,8,0.034042553
Pseudopaludicola jazmynmcdonaldae,Pseudopaludicola jazmynmcdonaldae*,Amphibians,Leptodactylidae,Pseudopaludicola,"Pseudopaludicola jazmynmcdonaldae* Andrade et al., 2019","Andrade et al., 2019",2019,2000-2021,s,EN,722,Restricted,buffer,308,0.7531,<80%,184,0.4499,>17%,301,-7,-0.023255814
Pseudopaludicola mineira,Pseudopaludicola mineira*,Amphibians,Leptodactylidae,Pseudopaludicola,"Pseudopaludicola mineira* Lobo, 1994","Lobo, 1994",1994,1900-1999,s,LC,1068878,Restricted,buffer,611,0.8474,>80%,364,0.5042,>17%,607,-4,-0.006589786
Pseudopaludicola ternetzi,Pseudopaludicola ternetzi*,Amphibians,Leptodactylidae,Pseudopaludicola,"Pseudopaludicola ternetzi* Miranda-Ribeiro, 1937","Miranda-Ribeiro, 1937",1937,1900-1999,s,LC,737,Partial,polygon,374343,0.4312,<50%,15763,0.0147,<5%,414362,40019,0.096579802
Psilops seductus,Psilops seductus*,Reptiles,Gymnophthalmidae,Psilops,"Psilops seductus* Rodrigues et al., 2017","Rodrigues et al., 2017",2017,2000-2021,s,-,13772,Restricted,buffer,572,0.7761,<80%,314,0.4261,>17%,734,162,0.220708447
Pyrrhura pfrimeri,Pyrrhura pfrimeri,Birds,Psittacidae ,Pyrrhura,"Pyrrhura pfrimeri Miranda-Ribeiro, 1920","Miranda-Ribeiro, 1920",1920,1900-1999,s,EN,1521523,Restricted,polygon,7463,0.5413,<80%,557,0.0404,<5%,8738,1275,0.145914397
Rhachidelus brazili,Rhachidelus brazili,Reptiles,Dipsadidae,Rhachidelus,"Rhachidelus brazili Boulenger, 1908","Boulenger, 1908",1908,1900-1999,n,LC,28584,Partial,polygon,262258,0.3072,<50%,8198,0.0054,<1%,283199,20941,0.07394447
Rhachisaurus brachylepis,Rhachisaurus brachylepis,Reptiles,Gymnophthalmidae,Rhachisaurus,"Rhachisaurus brachylepis (Dixon, 1974)","(Dixon, 1974)",1974,1900-1999,n,DD,611704,Restricted,polygon,12568,0.6361,<80%,2306,0.0807,<17%,13244,676,0.051041981
Rhinella cerradensis,Rhinella cerradensis,Amphibians,Bufonidae,Rhinella,"Rhinella cerradensis Maciel et al., 2007","Maciel et al., 2007",2007,2000-2021,n,LC,54769,Partial,polygon,234780,0.4137,<50%,12574,0.0206,<5%,266877,32097,0.120268888
Rhinella inopina,Rhinella inopina,Amphibians,Bufonidae,Rhinella,"Rhinella inopina Vaz-Silva et al., 2012","Vaz-Silva et al., 2012",2012,2000-2021,n,LC,1659819,Restricted,polygon,39536,0.7437,<80%,2607,0.0476,<5%,46643,7107,0.152370131
Rhinella ocellata,Rhinella ocellata,Amphibians,Bufonidae,Rhinella,"Rhinella ocellata (Günther, 1858)","(Günther, 1858)",1858,1700-1899,n,LC,724425,Partial,polygon,554090,0.551,<80%,31130,0.0188,<5%,618775,64685,0.10453719
Rhinella rubescens,Rhinella rubescens,Amphibians,Bufonidae,Rhinella,"Rhinella rubescens (Lutz, 1925)","(Lutz, 1925)",1925,1900-1999,n,LC,77788,Partial,polygon,214622,0.3913,<50%,13409,0.0185,<5%,229793,15171,0.066020288
Rhinella scitula,Rhinella scitula,Amphibians,Bufonidae,Rhinella,"Rhinella scitula (Caramaschi & Niemeyer, 2003)","(Caramaschi & Niemeyer, 2003)",2003,2000-2021,n,LC,14562,Partial,polygon,18517,0.3635,<50%,1865,0.024,<5%,20267,1750,0.086347264
Rhinella sebbeni,Rhinella sebbeni*,Amphibians,Bufonidae,Rhinella,"Rhinella sebbeni* Vaz-Silva et al., 2015","Vaz-Silva et al., 2015",2015,2000-2021,s,NT,86363,Restricted,polygon,5229,0.3999,<50%,8,5.00E-04,<1%,5546,317,0.057158312
Rhinella veredas,Rhinella veredas,Amphibians,Bufonidae,Rhinella,"Rhinella veredas (Brandão et al., 2007)","(Brandão et al., 2007)",2007,2000-2021,n,LC,34446,Partial,polygon,62986,0.7586,<80%,3609,0.0418,<5%,70544,7558,0.107138807
Rhipidomys ipukensis,Rhipidomys ipukensis,Mammals,Cricetidae,Rhipidomys,"Rhipidomys ipukensis Rocha et al., 2011","Rocha et al., 2011",2011,2000-2021,s,DD,1976730,Restricted,polygon,13080,0.7659,<80%,4699,0.1364,<17%,14692,1612,0.109719575
Rhipidomys macrurus,Rhipidomys macrurus,Mammals,Cricetidae,Rhipidomys,"Rhipidomys macrurus (Gervais, 1855)","(Gervais, 1855)",1855,1700-1899,s,LC,4504410,Wide,polygon,604971,0.4508,<50%,40196,0.0203,<5%,664719,59748,0.089884598
Saltatricula atricollis,Saltatricula atricollis,Birds,Thraupidae,Saltatricula,"Saltatricula atricollis (Vieillot, 1817)","(Vieillot, 1817)",1817,1700-1899,s,LC,440647,Wide,polygon,984020,0.5212,<80%,77308,0.0172,<5%,1093686,109666,0.100271924
Salvator duseni,Salvator duseni,Reptiles,Teiidae,Salvator,"Salvator duseni (Lönnberg, 1910)","(Lönnberg, 1910)",1910,1900-1999,n,LC,725,Partial,polygon,155213,0.3829,<50%,11324,0.0257,<5%,170287,15074,0.088521144
Scinax cabralensis,Scinax cabralensis,Amphibians,Hylidae,Scinax,"Scinax cabralensis Drummond et al., 2007","Drummond et al., 2007",2007,2000-2021,n,EN,29866,Restricted,buffer,233,0.4291,<50%,45,0.0621,<17%,253,20,0.079051383
Scinax constrictus,Scinax constrictus,Amphibians,Hylidae,Scinax,"Scinax constrictus Lima et al., 2005","Lima et al., 2005",2005,2000-2021,n,LC,19813,Partial,polygon,380611,0.5425,<80%,16491,0.0154,<5%,427315,46704,0.109296421
Scinax curicica,Scinax curicica,Amphibians,Hylidae,Scinax,"Scinax curicica Pugliesse et al., 2004","Pugliesse et al., 2004",2004,2000-2021,n,LC,368,Restricted,polygon,14143,0.7162,<80%,1093,0.0552,<17%,14886,743,0.04991267
Scinax haddadorum,Scinax haddadorum*,Amphibians,Hylidae,Scinax,"Scinax haddadorum* Araújo-Vieira et al., 2016","Araújo-Vieira et al., 2016",2016,2000-2021,s,LC,25000,Restricted,polygon,203,0.3752,<50%,20,0.037,<5%,211,8,0.037914692
Scinax maracaya,Scinax maracaya,Amphibians,Hylidae,Scinax,"Scinax maracaya (Cardoso & Sazima, 1980)","(Cardoso & Sazima, 1980)",1980,1900-1999,n,LC,719,Restricted,polygon,1340,0.2485,<30%,278,0.0287,<5%,1287,-53,-0.041181041
Scinax rogerioi,Scinax rogerioi,Amphibians,Hylidae,Scinax,"Scinax rogerioi Pugliese et al., 2009","Pugliese et al., 2009",2009,2000-2021,n,LC,4627,Partial,polygon,54074,0.3721,<50%,484,0.0032,<1%,58511,4437,0.075831895
Scinax rossaferesae,Scinax rossaferesae*,Amphibians,Hylidae,Scinax,Scinax rossaferesae* Conte et al. 2016,Conte et al. 2016,2016,2000-2021,s,LC,816,Restricted,polygon,910,0.4062,<50%,174,0.0376,<5%,812,-98,-0.120689655
Scinax rupestris,Scinax rupestris*,Amphibians,Hylidae,Scinax,"Scinax rupestris* Araújo-Vieira et al., 2015","Araújo-Vieira et al., 2015",2015,2000-2021,s,VU,38789,Restricted,buffer,758,0.9289,>80%,199,0.2439,>17%,760,2,0.002631579
Scinax tigrinus,Scinax tigrinus,Amphibians,Hylidae,Scinax,"Scinax tigrinus Nunes et al., 2010","Nunes et al., 2010",2010,2000-2021,n,LC,89692,Restricted,polygon,17687,0.3991,<50%,603,0.0136,<5%,19768,2081,0.105271145
Scytalopus novacapitalis,Scytalopus novacapitalis,Birds,Rhinocryptidae,Scytalopus,"Scytalopus novacapitalis Sick, 1958","Sick, 1958",1958,1900-1999,s,EN,1494,Partial,polygon,30320,0.3409,<50%,1284,0.0143,<5%,32515,2195,0.067507304
Siagonodon acutirostris,Siagonodon acutirostris,Reptiles,Leptotyphlopidae,Siagonodon,"Siagonodon acutirostris Pinto & Curcio, 2011","Pinto & Curcio, 2011",2011,2000-2021,n,-,1421441,Restricted,buffer,1349,0.9023,>80%,831,0.5562,>17%,1392,43,0.030890805
Simophis rhinostoma,Simophis rhinostoma,Reptiles,Colubridae,Simophis,"Simophis rhinostoma (Schlegel, 1837)","(Schlegel, 1837)",1837,1700-1899,n,LC,107707,Partial,polygon,263452,0.3323,<50%,14475,0.0102,<5%,280686,17234,0.061399571
Sporophila nigrorufa,Sporophila nigrorufa,Birds,Thraupidae,Sporophila,"Sporophila nigrorufa (d'Orbigny & Lafresnaye, 1837)","(d'Orbigny & Lafresnaye, 1837)",1837,1700-1899,s,VU,138504,Partial,polygon,4627,0.4607,<50%,11182,0.1038,<17%,5558,931,0.167506297
Stenocercus albolineatus,Stenocercus albolineatus*,Reptiles,Tropiduridae,Stenocercus,"Stenocercus albolineatus* Teixeira et al., 2016","Teixeira et al., 2016",2015,2000-2021,s,-,690,Restricted,polygon,57771,0.8116,>80%,96,7.00E-04,<1%,62072,4301,0.069290501
Stenocercus canastra,Stenocercus canastra*,Reptiles,Tropiduridae,Stenocercus,"Stenocercus canastra* Avila-Pires et al., 2019","Avila-Pires et al., 2019",2019,2000-2021,s,-,48388,Restricted,buffer,465,0.6749,<80%,570,0.8261,>17%,446,-19,-0.042600897
Stenocercus quinarius,Stenocercus quinarius,Reptiles,Tropiduridae,Stenocercus,"Stenocercus quinarius Nogueira & Rodrigues, 2006","Nogueira & Rodrigues, 2006",2006,2000-2021,n,LC,93473,Restricted,polygon,35065,0.7248,<80%,3601,0.0744,<17%,42800,7735,0.180724299
Stenocercus sinesaccus,Stenocercus sinesaccus,Reptiles,Tropiduridae,Stenocercus,"Stenocercus sinesaccus Torres-Carvajal, 2005","Torres-Carvajal, 2005",2005,2000-2021,n,LC,2385983,Partial,polygon,42025,0.4497,<50%,110,0.0012,<1%,47443,5418,0.114200198
Synallaxis simoni,Synallaxis simoni,Birds,Furnariidae,Synallaxis,"Synallaxis simoni Hellmayr, 1907","Hellmayr, 1907",1907,1900-1999,s,LC,61720,Partial,polygon,43393,0.7277,<80%,8243,0.1336,<17%,46840,3447,0.073590948
Syndactyla dimidiata,Syndactyla dimidiata,Birds,Furnariidae,Syndactyla,"Syndactyla dimidiata (Pelzeln, 1859)","(Pelzeln, 1859)",1859,1700-1899,s,LC,1196783,Partial,polygon,318901,0.3672,<50%,15177,0.0127,<5%,347561,28660,0.082460345
Taoniscus nanus,Taoniscus nanus,Birds,Tinamidae,Taoniscus,"Taoniscus nanus (Temminck, 1815)","(Temminck, 1815)",1815,1700-1899,s,EN,1308726,Partial,polygon,297658,0.3502,<50%,15832,0.0121,<5%,325050,27392,0.084270112
Thalpomys cerradensis,Thalpomys cerradensis,Mammals,Cricetidae,Thalpomys,"Thalpomys cerradensis Hershkovitz, 1990","Hershkovitz, 1990",1990,1900-1999,s,LC,957821,Partial,polygon,448195,0.6188,<80%,33989,0.0355,<5%,508190,59995,0.118056239
Thalpomys lasiotis,Thalpomys lasiotis,Mammals,Cricetidae,Thalpomys,"Thalpomys lasiotis Thomas, 1916","Thomas, 1916",1916,1900-1999,s,LC,194904,Partial,polygon,73348,0.4034,<50%,4384,0.0225,<5%,79032,5684,0.071920235
Thamnodynastes rutilus,Thamnodynastes rutilus,Reptiles,Dipsadidae,Thamnodynastes,"Thamnodynastes rutilus (Prado, 1942)","(Prado, 1942)",1942,1900-1999,n,-,647749,Partial,polygon,179352,0.3311,<50%,6277,0.0097,<1%,192840,13488,0.069943995
Thoropa megatympanum,Thoropa megatympanum,Amphibians,Cycloramphidae,Thoropa,"Thoropa megatympanum Caramaschi & Sazima, 1984","Caramaschi & Sazima, 1984",1984,1900-1999,n,LC,35245,Restricted,polygon,15831,0.6943,<80%,2766,0.0785,<17%,16636,805,0.048389036
Thrichomys apereoides,Thrichomys apereoides,Mammals,Echimyidae,Thrichomys,"Thrichomys apereoides (Lund, 1839)","(Lund, 1839)",1839,1700-1899,s,LC,362360,Partial,polygon,142781,0.5519,<80%,10204,0.0282,<5%,153984,11203,0.072754312
Thrichomys pachyurus,Thrichomys pachyurus,Mammals,Echimyidae,Thrichomys,"Thrichomys pachyurus (Wagner, 1845)","(Wagner, 1845)",1845,1700-1899,s,LC,762797,Partial,polygon,302660,0.5325,<80%,13812,0.0181,<5%,337552,34892,0.103367777
Thylamys velutinus,Thylamys velutinus,Mammals,Didelphidae,Thylamys,"Thylamys velutinus (Wagner, 1842)","(Wagner, 1842)",1842,1700-1899,s,NT,472911,Partial,polygon,109906,0.2915,<30%,3827,0.0081,<1%,115290,5384,0.046699627
Trachycephalus mambaiensis,Trachycephalus mambaiensis,Amphibians,Hylidae,Trachycephalus,"Trachycephalus mambaiensis Cintra et al., 2009","Cintra et al., 2009",2009,2000-2021,n,LC,81510,Partial,polygon,54604,0.721,<80%,4752,0.0583,<17%,62267,7663,0.123066793
Trilepida brasiliensis,Trilepida brasiliensis,Reptiles,Leptotyphlopidae,Trilepida,"Trilepida brasiliensis (Laurent, 1949)","(Laurent, 1949)",1949,1900-1999,n,LC,1503963,Wide,polygon,628041,0.5484,<80%,40976,0.0272,<5%,702364,74323,0.105818351
Trilepida fuliginosa,Trilepida fuliginosa,Reptiles,Leptotyphlopidae,Trilepida,"Trilepida fuliginosa (Passos et al., 2006)","(Passos et al., 2006)",2006,2000-2021,n,LC,453998,Partial,polygon,225855,0.5795,<80%,12403,0.0273,<5%,250479,24624,0.098307643
Trilepida jani,Trilepida jani,Reptiles,Leptotyphlopidae,Trilepida,"Trilepida jani (Pinto & Fernandes, 2012)","(Pinto & Fernandes, 2012)",2012,2000-2021,n,LC,19461,Restricted,polygon,6945,0.6546,<80%,1192,0.0613,<17%,7243,298,0.041143173
Trilepida koppesi,Trilepida koppesi,Reptiles,Leptotyphlopidae,Trilepida,"Trilepida koppesi (Amaral, 1955)","(Amaral, 1955)",1955,1900-1999,n,LC,558325,Partial,polygon,103407,0.2514,<30%,2470,0.0044,<1%,111020,7613,0.06857323
Trinomys moojeni,Trinomys moojeni,Mammals,Echimyidae,Trinomys,"Trinomys moojeni (Pessôa et al., 1992)","(Pessôa et al., 1992)",1992,1900-1999,s,EN,1403,Restricted,polygon,765,0.742,<80%,332,0.2366,>17%,769,4,0.00520156
Tropidophis preciosus,Tropidophis preciosus,Reptiles,Tropidophiidae,Tropidophis,"Tropidophis preciosus Curcio et al., 2012","Curcio et al., 2012",2012,2000-2021,n,DD,719,Restricted,buffer,74,0.8043,>80%,0,0,0%,72,-2,-0.027777778
Tropidurus callathelys,Tropidurus callathelys,Reptiles,Tropiduridae,Tropidurus,"Tropidurus callathelys Harvey & Gutberlet, 1998","Harvey & Gutberlet, 1998",1998,1900-1999,n,LC,877,Restricted,OUT,486,0.7297,<80%,452,0.5154,>17%,508,22,0.043307087
Tropidurus chromatops,Tropidurus chromatops,Reptiles,Tropiduridae,Tropidurus,"Tropidurus chromatops Harvey & Gutberlet, 1998","Harvey & Gutberlet, 1998",1998,1900-1999,n,LC,1787,Restricted,OUT,466,0.6966,<80%,975,0.5456,>17%,512,46,0.08984375
Tropidurus itambere,Tropidurus itambere,Reptiles,Tropiduridae,Tropidurus,"Tropidurus itambere Rodrigues, 1987","Rodrigues, 1987",1987,1900-1999,n,LC,1456252,Partial,polygon,393699,0.3721,<50%,12951,0.0089,<1%,428334,34635,0.080859796
Tropidurus montanus,Tropidurus montanus,Reptiles,Tropiduridae,Tropidurus,"Tropidurus montanus Rodrigues, 1987","Rodrigues, 1987",1987,1900-1999,n,LC,84788,Partial,polygon,37352,0.5358,<80%,3047,0.0359,<5%,40355,3003,0.074414571
Tropidurus oreadicus,Tropidurus oreadicus,Reptiles,Tropiduridae,Tropidurus,"﻿Tropidurus oreadicus Rodrigues, 1987","Rodrigues, 1987",1987,1900-1999,n,LC,2773708,Partial,polygon,688003,0.5819,<80%,41466,0.0149,<5%,778567,90564,0.116321396
Tupinambis matipu,Tupinambis matipu*,Reptiles,Teiidae,Tupinambis,"Tupinambis matipu* Silva et al., 2018","Silva et al., 2018",2018,2000-2021,s,-,701967,Partial,polygon,190934,0.5672,<80%,2526,0.0036,<1%,216504,25570,0.118104054
Tupinambis quadrilineatus,Tupinambis quadrilineatus,Reptiles,Teiidae,Tupinambis,"Tupinambis quadrilineatus Manzani & Abe, 1997","Manzani & Abe, 1997",1997,1900-1999,n,LC,1572963,Partial,polygon,522409,0.593,<80%,34386,0.0219,<5%,591585,69176,0.116933323
Uropelia campestris,Uropelia campestris,Birds,Columbidae,Uropelia,"Uropelia campestris (Spix, 1825)","(Spix, 1825)",1825,1700-1899,s,LC,4642794,Wide,polygon,902911,0.541,<80%,71821,0.0155,<5%,1009121,106210,0.105250015
Vanzosaura savanicola,Vanzosaura savanicola*,Reptiles,Gymnophthalmidae,Vanzosaura,"Vanzosaura savanicola* Recoder et al., 2014","Recoder et al., 2014",2014,2000-2021,s,LC,112323,Partial,polygon,77420,0.7083,<80%,7700,0.0686,<17%,91932,14512,0.157855806
Xenodon matogrossensis,Xenodon matogrossensis,Reptiles,Dipsadidae,Xenodon,"Xenodon matogrossensis (Scrocchi & Cruz, 1993)","(Scrocchi & Cruz, 1993)",1993,1900-1999,n,LC,213601,Partial,polygon,33513,0.4467,<50%,976,0.0046,<1%,36464,2951,0.080929136
Xenodon nattereri,Xenodon nattereri,Reptiles,Dipsadidae,Xenodon,"Xenodon nattereri (Steindachner, 1867)","(Steindachner, 1867)",1867,1700-1899,n,LC,1984447,Wide,polygon,642984,0.4618,<50%,40165,0.0202,<5%,711120,68136,0.095815052