species,taxa,family,genus,species_author,binomial,author,range.cat,areaClass,year,time.slice,latitude,longitude,obs.source,New,Reference,IUCN
Adenomera cotuba,Amphibians,Leptodactylidae,Adenomera,"Adenomera cotuba* Carvalho & Giaretta, 2013b",Adenomera cotuba*,"Carvalho & Giaretta, 2013b",Partial,polygon,2013,2000-2021,-13.8667,-47.25,precise,s,Silva et al 2020,NT
Adenomera saci,Amphibians,Leptodactylidae,Adenomera,"Adenomera saci Carvalho & Giaretta, 2013a",Adenomera saci,"Carvalho & Giaretta, 2013a",Partial,polygon,2013,2000-2021,-14.1667,-47.7833,precise,n,Azevedo et al 2016; Silva et al 2020,LC
Akodon kadiweu,Mammals,Cricetidae,Akodon,"Akodon kadiweu Brandão et al., 2021",Akodon kadiweu,"Brand�o et al., 2021",Restricted,buffer,2021,2000-2021,-20.7,-56.8667,APC,s,Brand�o et al 2021,-
Akodon lindberghi,Mammals,Cricetidae,Akodon,"Akodon lindberghi Hershkovitz, 1990",Akodon lindberghi,"Hershkovitz, 1990",Partial,buffer,1990,1900-1999,-15.6667,-48,APC,s,Carmignotto et al 2012,DD
Alectrurus tricolor,Aves,Tyrannidae,Alectrurus,"Alectrurus tricolor (Vieillot, 1816)",Alectrurus tricolor,"(Vieillot, 1816)",Partial,polygon,1816,1700-1899,NA,NA,,s,Gwynne et al 2010,VU
Alipiopsitta xanthops,Aves,Psittacidae ,Alipiopsitta,"Alipiopsitta xanthops (Spix, 1824)",Alipiopsitta xanthops,"(Spix, 1824)",Wide,polygon,1824,1700-1899,NA,NA,,s,"Silva 1995; Silva 1997; Silva e Bates 2002, Gwynne et al 2010",NT
Allobates brunneus,Amphibians,Aromobatidae,Allobates,"Allobates brunneus (Cope, 1887)",Allobates brunneus,"(Cope, 1887)",Restricted,polygon,1887,1700-1899,-15.0761,-55.6342,estimated,n,Valdujo et al 2012; Azevedo et al 2016,EN
Allobates goianus,Amphibians,Aromobatidae,Allobates,"Allobates goianus (Bokermann, 1975)",Allobates goianus,"(Bokermann, 1975)",Restricted,polygon,1975,1900-1999,-14.1825,-47.5347,precise,n,Valdujo et al 2012; Azevedo et al 2016,NT
Alopoglossus collii,Lizards,Alopoglossidae,Alopoglossus,"Alopoglossus collii* Ribeiro-Junior et al., 2020",Alopoglossus collii*,"Ribeiro-Junior et al., 2020",Restricted,buffer,2020,2000-2021,-11.8626,-60.9383,precise,s,Ribeiro-Junior et al 2020,-
Ameerega berohoka,Amphibians,Dendrobatoidea,Ameerega,"Ameerega berohoka Vaz-Silva et al., 2011",Ameerega berohoka,"Vaz-Silva et al., 2011",Partial,polygon,2011,2000-2021,-16.4447,-51.3936,precise,n,Valdujo et al 2012; Azevedo et al 2016,LC
Ameerega braccata,Amphibians,Dendrobatoidea,Ameerega,"Ameerega braccata (Steindachner, 1864)",Ameerega braccata,"(Steindachner, 1864)",Restricted,polygon,1864,1700-1899,-15.3864,-55.8284,estimated,n,Valdujo et al 2012; Azevedo et al 2016,LC
Ameerega flavopicta,Amphibians,Dendrobatoidea,Ameerega,"Ameerega flavopicta (Lutz, 1925)",Ameerega flavopicta,"(Lutz, 1925)",Partial,polygon,1925,1900-1999,-19.9022,-43.9597,associated,n,Valdujo et al 2012; Azevedo et al 2016; Silva et al 2020,LC
Ameerega picta,Amphibians,Dendrobatoidea,Ameerega,"Ameerega picta (Tschudi, 1838)",Ameerega picta,"(Tschudi, 1838)",Restricted,polygon,1838,1700-1899,NA,NA,NA,n,Valdujo et al 2012; Azevedo et al 2016,LC
Ameiva jacuba,Lizards,Teiidae,Ameiva,"Ameiva jacuba Giugliano et al., 2013",Ameiva jacuba,"Giugliano et al., 2013",Restricted,buffer,2013,2000-2021,-18.2189,-52.7714,precise,n,Azevedo et al 2016,-
Ameiva parecis,Lizards,Teiidae,Ameiva,"Ameiva parecis (Colli et al., 2003)",Ameiva parecis,"(Colli et al., 2003)",Restricted,buffer,2003,2000-2021,-12.5353,-60.4267,precise,n,Nogueira et al 2010; Azevedo et al 2016,VU
Ameivula cipoensis,Lizards,Teiidae,Ameivula,"Ameivula cipoensis* Arias et al., 2014a",Ameivula cipoensis*,"Arias et al., 2014a",Restricted,buffer,2014,2000-2021,-19.29,-43.5486,precise,s,Arias et al 2014a,-
Ameivula jalapensis,Lizards,Teiidae,Ameivula,"Ameivula jalapensis (Colli et al., 2009)",Ameivula jalapensis,"(Colli et al., 2009)",Restricted,buffer,2009,2000-2021,-10.3,-46.95,precise,n,Nogueira et al 2010; Azevedo et al 2016,LC
Ameivula mumbuca,Lizards,Teiidae,Ameivula,"Ameivula mumbuca (Colli et al., 2003)",Ameivula mumbuca,"(Colli et al., 2003)",Restricted,buffer,2003,2000-2021,-10.2628,-46.5655,precise,n,Nogueira et al 2010; Azevedo et al 2016,LC
Ameivula xacriaba,Lizards,Teiidae,Ameivula,"Ameivula xacriaba* Arias et al., 2014b ",Ameivula xacriaba*,"Arias et al., 2014b ",Restricted,polygon,2014,2000-2021,-15.1547,-44.305,precise,s,Arias et al 2014b,-
Amphisbaena absaberi,Lizards,Amphisbaenidae,Amphisbaena,"Amphisbaena absaberi (Strüssmann & Carvalho, 2001)",Amphisbaena absaberi,"(Strüssmann & Carvalho, 2001)",Restricted,buffer,2001,2000-2021,-16.1667,-57.2333,precise,n,Nogueira et al 2010; Azevedo et al 2016,DD
Amphisbaena acrobeles,Lizards,Amphisbaenidae,Amphisbaena,"Amphisbaena acrobeles (Ribeiro et al., 2009)",Amphisbaena acrobeles,"(Ribeiro et al., 2009)",Restricted,buffer,2009,2000-2021,-10.5946,-46.7707,precise,n,Nogueira et al 2010; Azevedo et al 2016,LC
Amphisbaena anaemariae,Lizards,Amphisbaenidae,Amphisbaena,"Amphisbaena anaemariae Vanzolini, 1997",Amphisbaena anaemariae,"Vanzolini, 1997",Partial,polygon,1997,1900-1999,-11.0333,-48.2167,precise,n,Nogueira et al 2010; Azevedo et al 2016,LC
Amphisbaena bedai,Lizards,Amphisbaenidae,Amphisbaena,"Amphisbaena bedai (Vanzolini, 1991)",Amphisbaena bedai,"(Vanzolini, 1991)",Restricted,polygon,1991,1900-1999,-20.7677,-55.6076,precise,n,Nogueira et al 2010; Azevedo et al 2016,LC
Amphisbaena brevis,Lizards,Amphisbaenidae,Amphisbaena,"Amphisbaena brevis Strüssmann & Mott, 2009",Amphisbaena brevis,"Strüssmann & Mott, 2009",Restricted,buffer,2009,2000-2021,-14.9557,-55.8662,precise,n,Azevedo et al 2016,DD
Amphisbaena carli,Lizards,Amphisbaenidae,Amphisbaena,"Amphisbaena carli Pinna et al., 2010",Amphisbaena carli,"Pinna et al., 2010",Restricted,buffer,2010,2000-2021,-14.0167,-45.9,precise,n,Azevedo et al 2016,LC
Amphisbaena crisae,Lizards,Amphisbaenidae,Amphisbaena,"Amphisbaena crisae Vanzolini, 1997",Amphisbaena crisae,"Vanzolini, 1997",Partial,buffer,1997,1900-1999,-11.8333,-50.3333,precise,n,Nogueira et al 2010; Azevedo et al 2016,DD
Amphisbaena cuiabana,Lizards,Amphisbaenidae,Amphisbaena,"Amphisbaena cuiabana (Strüssmann & Carvalho, 2001)",Amphisbaena cuiabana,"(Strüssmann & Carvalho, 2001)",Restricted,polygon,2001,2000-2021,-15.5961,-56.0967,precise,n,Nogueira et al 2010; Azevedo et al 2016,LC
Amphisbaena filiformis,Lizards,Amphisbaenidae,Amphisbaena,"Amphisbaena filiformis* Ribeiro et al., 2016",Amphisbaena filiformis*," Ribeiro et al., 2016",Restricted,buffer,2016,2000-2021,-7.2458,-47.7675,precise,s,"Ribeiro et al., 2016",-
Amphisbaena kraoh,Lizards,Amphisbaenidae,Amphisbaena,"Amphisbaena kraoh (Vanzolini, 1971)",Amphisbaena kraoh,"(Vanzolini, 1971)",Restricted,polygon,1971,1900-1999,-8.9675,-48.1747,geoLoc,n,Nogueira et al 2010; Azevedo et al 2016,LC
Amphisbaena leeseri,Lizards,Amphisbaenidae,Amphisbaena,"Amphisbaena leeseri Gans, 1964",Amphisbaena leeseri,"Gans, 1964",Restricted,polygon,1964,1900-1999,-19.2167,-57.55,geoLoc,n,Nogueira et al 2010; Azevedo et al 2016,LC
Amphisbaena maranhensis,Lizards,Amphisbaenidae,Amphisbaena,"Amphisbaena maranhensis Gomes & Maciel, 2012",Amphisbaena maranhensis,"Gomes & Maciel, 2012",Restricted,buffer,2012,2000-2021,-7.1525,-45.3039,precise,n,Azevedo et al 2016,DD
Amphisbaena mebengokre,Lizards,Amphisbaenidae,Amphisbaena,"Amphisbaena mebengokre* Ribeiro et al., 2019",Amphisbaena mebengokre*,"Ribeiro et al., 2019",Restricted,buffer,2019,2000-2021,-16.4569,-51.3781,precise,s,"Ribeiro et al., 2019",-
Amphisbaena neglecta,Lizards,Amphisbaenidae,Amphisbaena,"Amphisbaena neglecta Dunn & Piatt, 1936",Amphisbaena neglecta,"Dunn & Piatt, 1936",Restricted,buffer,1936,1900-1999,-15.4529,-55.7392,precise,n,Nogueira et al 2010; Azevedo et al 2016,DD
Amphisbaena persephone,Lizards,Amphisbaenidae,Amphisbaena,"Amphisbaena persephone* Pinna et al., 2014",Amphisbaena persephone*,"Pinna et al., 2014",Restricted,buffer,2014,2000-2021,-13.8833,-45.7,precise,s,"Pinna et al., 2014",-
Amphisbaena sanctaeritae,Lizards,Amphisbaenidae,Amphisbaena,"Amphisbaena sanctaeritae Vanzolini, 1994",Amphisbaena sanctaeritae,"Vanzolini, 1994",Restricted,buffer,1994,1900-1999,-21.7312,-47.4959,precise,n,Nogueira et al 2010; Azevedo et al 2016,CR
Amphisbaena saxosa,Lizards,Amphisbaenidae,Amphisbaena,"Amphisbaena saxosa (Castro-Mello, 2003)",Amphisbaena saxosa,"(Castro-Mello, 2003)",Restricted,buffer,2003,2000-2021,-9.75,-48.35,precise,n,Nogueira et al 2010; Azevedo et al 2016,NT
Amphisbaena silvestrii,Lizards,Amphisbaenidae,Amphisbaena,"Amphisbaena silvestrii Boulenger, 1902",Amphisbaena silvestrii,"Boulenger, 1902",Partial,polygon,1902,1900-1999,-15.5989,-56.0949,geoLoc,n,Nogueira et al 2010; Azevedo et al 2016,LC
Amphisbaena steindachneri,Lizards,Amphisbaenidae,Amphisbaena,"Amphisbaena steindachneri Strauch, 1881",Amphisbaena steindachneri,"Strauch, 1881",Restricted,buffer,1881,1700-1899,-16.05,-57.3833,geoLoc,n,Nogueira et al 2010; Azevedo et al 2016,LC
Amphisbaena talisiae,Lizards,Amphisbaenidae,Amphisbaena,"Amphisbaena talisiae Vanzolini, 1995",Amphisbaena talisiae,"Vanzolini, 1995",Partial,polygon,1995,1900-1999,-15.8167,-52.1667,precise,n,Nogueira et al 2010; Azevedo et al 2016,LC
Anolis meridionalis,Lizards,Dactyloidae,Anolis,"Anolis meridionalis Boettger, 1885",Anolis meridionalis,"Boettger, 1885",Wide,polygon,1885,1700-1899,-23.7167,-55.5,neotype,n,Nogueira et al 2010; Azevedo et al 2016,LC
Antilophia galeata,Aves,Tyrannidae,Antilophia,"Antilophia galeata (Lichtenstein, 1823)",Antilophia galeata,"(Lichtenstein, 1823)",Wide,polygon,1823,1700-1899,NA,NA,,s,Silva 1997; Silva e Bates 2002; Gwynne et al 2010,LC
Aplastodiscus lutzorum,Amphibians,Hylidae,Aplastodiscus,"Aplastodiscus lutzorum* Berneck et al., 2017",Aplastodiscus lutzorum*,"Berneck et al., 2017",Restricted,polygon,2017,2000-2021,-14.1608,-47.5819,precise,s,Berneck et al 2017,LC
Apostolepis adhara,Snakes,Dipsadidae,Apostolepis,"Apostolepis adhara* França et al., 2018",Apostolepis adhara*,"França et al., 2018",Restricted,buffer,2018,2000-2021,-12.8053,-48.2199,Atlas,s,França et al 2018,-
Apostolepis albicollaris,Snakes,Dipsadidae,Apostolepis,"Apostolepis albicollaris Lema, 2002",Apostolepis albicollaris,"Lema, 2002",Restricted,polygon,2002,2000-2021,-15.8475,-47.9364,Atlas,n,Nogueira et al 2010; Azevedo et al 2016,LC
Apostolepis assimilis,Snakes,Dipsadidae,Apostolepis,"Apostolepis assimilis* (Reinhardt, 1861)",Apostolepis assimilis*,"(Reinhardt, 1861)",Partial,polygon,1861,1700-1899,-19.9833,-43.45,Atlas,s,Nogueira et al 2019,LC
Apostolepis barrioi,Snakes,Dipsadidae,Apostolepis,Apostolepis barrioi* Lema 1978,Apostolepis barrioi*,Lema 1978,Partial,polygon,1978,1900-1999,-23.4667,-56.5167,Atlas,s,Nogueira et al 2019,-
Apostolepis cerradoensis,Snakes,Dipsadidae,Apostolepis,"Apostolepis cerradoensis Lema, 2003",Apostolepis cerradoensis,"Lema, 2003",Restricted,buffer,2003,2000-2021,-13.8098,-48.3491,Atlas,n,Nogueira et al 2010; Nogueira et al 2019,DD
Apostolepis christineae,Snakes,Dipsadidae,Apostolepis,"Apostolepis christineae Lema, 2002",Apostolepis christineae,"Lema, 2002",Restricted,buffer,2002,2000-2021,-15.654,-57.214,Atlas,n,Nogueira et al 2010; Nogueira et al 2019,DD
Apostolepis flavotorquata,Snakes,Dipsadidae,Apostolepis,"Apostolepis flavotorquata (Duméril et al., 1854)",Apostolepis flavotorquata,"(Duméril et al., 1854)",Partial,polygon,1854,1700-1899,NA,NA,Atlas,n,Nogueira et al 2010; Azevedo et al 2016,LC
Apostolepis goiasensis,Snakes,Dipsadidae,Apostolepis,"Apostolepis goiasensis Prado, 1942",Apostolepis goiasensis,"Prado, 1942",Partial,polygon,1942,1900-1999,-17.7981,-50.9281,Atlas,n,Nogueira et al 2010; Azevedo et al 2016,LC
Apostolepis intermedia,Snakes,Dipsadidae,Apostolepis,"Apostolepis intermedia Koslowsky, 1898",Apostolepis intermedia,"Koslowsky, 1898",Partial,buffer,1898,1700-1899,NA,NA,Atlas,n,Nogueira et al 2010; Azevedo et al 2016,LC
Apostolepis kikoi,Snakes,Dipsadidae,Apostolepis,"Apostolepis kikoi* Santos et al., 2018",Apostolepis kikoi*,"Santos et al., 2018",Restricted,buffer,2018,2000-2021,-15.4608,-55.75,Atlas,s,"Santos et al., 2018",-
Apostolepis lineata,Snakes,Dipsadidae,Apostolepis,"Apostolepis lineata Cope, 1887",Apostolepis lineata,"Cope, 1887",Restricted,buffer,1887,1700-1899,-15.3,-55.85,Atlas,n,Nogueira et al 2010; Azevedo et al 2016,DD
Apostolepis longicaudata,Snakes,Dipsadidae,Apostolepis,"Apostolepis longicaudata Amaral, 1921",Apostolepis longicaudata,"Amaral, 1921",Restricted,polygon,1921,1900-1999,-9.1122,-45.9222,Atlas,n,Nogueira et al 2010; Azevedo et al 2016,LC
Apostolepis nelsonjorgei,Snakes,Dipsadidae,Apostolepis,"Apostolepis nelsonjorgei Lema & Renner, 2004",Apostolepis nelsonjorgei,"Lema & Renner, 2004",Partial,polygon,2004,2000-2021,-13.8098,-48.3491,Atlas,n,Nogueira et al 2010; Azevedo et al 2016,LC
Apostolepis phillipsae,Snakes,Dipsadidae,Apostolepis,"Apostolepis phillipsae* Harvey, 1999",Apostolepis phillipsae*,"Harvey, 1999",Restricted,buffer,1999,1900-1999,-14.75,-61,Atlas,s,Nogueira et al 2019,VU
Apostolepis polylepis,Snakes,Dipsadidae,Apostolepis,"Apostolepis polylepis Amaral, 1921",Apostolepis polylepis,"Amaral, 1921",Partial,polygon,1921,1900-1999,-9.1122,-45.9222,Atlas,n,Nogueira et al 2010; Azevedo et al 2016,LC
Apostolepis sanctaeritae,Snakes,Dipsadidae,Apostolepis,"Apostolepis sanctaeritae* Werner, 1924",Apostolepis sanctaeritae*,"Werner, 1924",Partial,polygon,2005,2000-2021,-11.0087,-44.5582,Atlas,s,Nogueira et al 2010;  Eutiespe-Neto et al 2020,-
Apostolepis serrana,Snakes,Dipsadidae,Apostolepis,"Apostolepis serrana Lema & Renner, 2006",Apostolepis serrana,"Lema & Renner, 2006",Restricted,buffer,2006,2000-2021,-12.85,-51.7667,Atlas,n,Nogueira et al 2010; Azevedo et al 2016,EN
Apostolepis striata,Snakes,Dipsadidae,Apostolepis,"Apostolepis striata Lema, 2004",Apostolepis striata,"Lema, 2004",Restricted,buffer,2004,2000-2021,-12.6137,-60.0881,Atlas,n,Nogueira et al 2010; Azevedo et al 2016,CR
Apostolepis tertulianobeui,Snakes,Dipsadidae,Apostolepis,"Apostolepis tertulianobeui* Lema, 2004",Apostolepis tertulianobeui*,"Lema, 2004",Partial,buffer,2004,2000-2021,-18.9186,-48.2772,Atlas,s,Nogueira et al 2010; Nogueira et al 2019,LC
Apostolepis vittata,Snakes,Dipsadidae,Apostolepis,"Apostolepis vittata (Cope, 1887)",Apostolepis vittata,"(Cope, 1887)",Restricted,buffer,1887,1700-1899,-15.461,-55.7503,Atlas,n,Nogueira et al 2010; Azevedo et al 2016,VU
Arremon flavirostris,Aves,Passerellidae,Arremon,"Arremon flavirostris Swainson, 1838",Arremon flavirostris,"Swainson, 1838",Partial,polygon,1838,1700-1899,NA,NA,,s,Gwynne et al 2010,LC
Asthenes luizae,Aves,Furnariidae,Asthenes,"Asthenes luizae Vielliard, 1990",Asthenes luizae,"Vielliard, 1990",Restricted,polygon,1990,1900-1999,-19.28333333,-43.56666667,precise,s,"Silva 1995; Silva 1997; Silva e Bates 2002, Gwynne et al 2010",NT
Atractus albuquerquei,Snakes,Dipsadidae,Atractus,"Atractus albuquerquei Cunha & Nascimento, 1983",Atractus albuquerquei,"Cunha & Nascimento, 1983",Partial,polygon,1983,1900-1999,-2.4189,-48.1522,Atlas,n,Nogueira et al 2010; Azevedo et al 2016,LC
Atractus edioi,Snakes,Dipsadidae,Atractus,"Atractus edioi Silva Jr. et al., 2005",Atractus edioi,"Silva Jr. et al., 2005",Restricted,buffer,2005,2000-2021,-13.5333,-48.2417,Atlas,n,Nogueira et al 2010,DD
Atractus pantostictus,Snakes,Dipsadidae,Atractus,"Atractus pantostictus* Fernandes and Puorto, 1993",Atractus pantostictus*,"Fernandes and Puorto, 1993",Partial,polygon,1993,1900-1999,-23.3217,-46.7269,Atlas,s,Nogueira et al 2019,LC
Atractus spinalis,Snakes,Dipsadidae,Atractus,"Atractus spinalis Passos et al., 2013",Atractus spinalis,"Passos et al., 2013",Restricted,buffer,2013,2000-2021,-19.2469,-43.5097,Atlas,n,Azevedo et al 2016,DD
Atractus stygius,Snakes,Dipsadidae,Atractus,"Atractus stygius* Passos et al., 2019",Atractus stygius*,"Passos et al., 2019",Partial,polygon,2019,2000-2021,-12.4972,-57.875,Atlas,s,Nogueira et al 2019,-
Augastes scutatus,Aves,Trochilidae,Augastes,"Augastes scutatus (Temminck, 1824)",Augastes scutatus,"(Temminck, 1824)",Restricted,polygon,1824,1700-1899,NA,NA,,s,Silva 1995; Silva 1997; Silva e Bates 2002,LC
Bachia bresslaui,Lizards,Gymnophthalmidae,Bachia,"Bachia bresslaui (Amaral, 1935)",Bachia bresslaui,"(Amaral, 1935)",Partial,polygon,1935,1900-1999,NA,NA,NA,n,Nogueira et al 2010; Azevedo et al 2016,VU
Bachia cacerensis,Lizards,Gymnophthalmidae,Bachia,"Bachia cacerensis Castrillon & Strüssmann, 1998",Bachia cacerensis,"Castrillon & Strüssmann, 1998",Restricted,buffer,1998,1900-1999,-16.3863,-57.917,precise,n,Nogueira et al 2010; Azevedo et al 2016,DD
Bachia didactyla,Lizards,Gymnophthalmidae,Bachia,"Bachia didactyla Freitas et al., 2011",Bachia didactyla,"Freitas et al., 2011",Restricted,polygon,2011,2000-2021,-13.5329,-58.7996,precise,n,Azevedo et al 2016,EN
Bachia geralista,Lizards,Gymnophthalmidae,Bachia,"Bachia geralista Teixeira et al., 2012",Bachia geralista,"Teixeira et al., 2012",Restricted,polygon,2012,2000-2021,-15.15,-44.3,precise,n,Azevedo et al 2016,DD
Bachia micromela,Lizards,Gymnophthalmidae,Bachia,"Bachia micromela Rodrigues et al., 2007",Bachia micromela,"Rodrigues et al., 2007",Restricted,buffer,2007,2000-2021,-8.6333,-48.4167,precise,n,Nogueira et al 2010; Azevedo et al 2016,DD
Bachia oxyrhina,Lizards,Gymnophthalmidae,Bachia,"Bachia oxyrhina Rodrigues et al., 2008",Bachia oxyrhina,"Rodrigues et al., 2008",Restricted,polygon,2008,2000-2021,-10.8661,-46.8192,precise,n,Nogueira et al 2010; Azevedo et al 2016,LC
Bachia psamophila,Lizards,Gymnophthalmidae,Bachia,"Bachia psamophila Rodrigues et al., 2007",Bachia psamophila,"Rodrigues et al., 2007",Restricted,buffer,2007,2000-2021,-10.0333,-48.3833,precise,n,Nogueira et al 2010; Azevedo et al 2016,CR
Barycholos ternetzi,Amphibians,Craugastoridae,Barycholos,"Barycholos ternetzi (Miranda-Ribeiro, 1937)",Barycholos ternetzi,"(Miranda-Ribeiro, 1937)",Partial,polygon,1937,1900-1999,NA,NA,NA,n,Valdujo et al 2012; Azevedo et al 2016; Silva et al 2020,LC
Boana botumirim,Amphibians,Hylidae,Boana,"Boana botumirim Caramaschi et al., 2009",Boana botumirim,"Caramaschi et al., 2009",Restricted,buffer,2009,2000-2021,-17.1167,-43.0333,precise,n,Valdujo et al 2012; Azevedo et al 2016,LC
Boana buriti,Amphibians,Hylidae,Boana,"Boana buriti (Caramaschi & Cruz, 1999)",Boana buriti,"(Caramaschi & Cruz, 1999)",Restricted,polygon,1999,1900-1999,-16.0686,-46.6112,precise,n,Valdujo et al 2012; Azevedo et al 2016,EN
Boana caiapo,Amphibians,Hylidae,Boana,"Boana caiapo* Pinheiro et al., 2018",Boana caiapo*,"Pinheiro et al., 2018",Restricted,polygon,2018,2000-2021,-15.8942,-51.8231,precise,s,Pinheiro et al 2018,LC
Boana cipoensis,Amphibians,Hylidae,Boana,"Boana cipoensis (Lutz,1968)",Boana cipoensis,"(Lutz,1968)",Restricted,polygon,1968,1900-1999,-19.5,-43.7333,precise,n,Valdujo et al 2012; Azevedo et al 2016,LC
Boana ericae,Amphibians,Hylidae,Boana,"Boana ericae (Caramaschi & Cruz, 2000)",Boana ericae,"(Caramaschi & Cruz, 2000)",Restricted,buffer,2000,2000-2021,-14.1333,-47.5333,precise,n,Valdujo et al 2012; Azevedo et al 2016,EN
Boana goiana,Amphibians,Hylidae,Boana,"Boana goiana (Lutz, 1968)",Boana goiana,"(Lutz, 1968)",Restricted,polygon,1968,1900-1999,-19.5,-43.7333,precise,n,Valdujo et al 2012; Azevedo et al 2016,LC
Boana jaguariaivensis,Amphibians,Hylidae,Boana,"Boana jaguariaivensis Caramaschi et al., 2010",Boana jaguariaivensis,"Caramaschi et al., 2010",Restricted,buffer,2010,2000-2021,-24.1667,-49.6667,precise,n,Valdujo et al 2012; Azevedo et al 2016,VU
Boana lundii,Amphibians,Hylidae,Boana,"Boana lundii (Burmeister, 1856)",Boana lundii,"(Burmeister, 1856)",Partial,polygon,1856,1700-1899,NA,NA,NA,n,Valdujo et al 2012; Azevedo et al 2016; Silva et al 2020,LC
Boana stenocephala,Amphibians,Hylidae,Boana,"Boana stenocephala (Caramaschi & Cruz, 1999)",Boana stenocephala,"(Caramaschi & Cruz, 1999)",Restricted,buffer,1999,1900-1999,-21.7833,-46.55,precise,n,Valdujo et al 2012; Azevedo et al 2016,LC
Bokermannohyla alvarengai,Amphibians,Hylidae,Bokermannohyla,"Bokermannohyla alvarengai (Bokermann, 1956)",Bokermannohyla alvarengai,"(Bokermann, 1956)",Restricted,polygon,1956,1900-1999,NA,NA,NA,n,Valdujo et al 2012; Azevedo et al 2016,LC
Bokermannohyla ibitiguara,Amphibians,Hylidae,Bokermannohyla,"Bokermannohyla ibitiguara (Cardoso, 1983)",Bokermannohyla ibitiguara,"(Cardoso, 1983)",Restricted,polygon,1983,1900-1999,-20.6667,-46.2667,precise,n,Valdujo et al 2012; Azevedo et al 2016,LC
Bokermannohyla izecksohni,Amphibians,Hylidae,Bokermannohyla,"Bokermannohyla izecksohni (Jim and Caramaschi, 1979)",Bokermannohyla izecksohni*,"(Jim and Caramaschi, 1979)",Restricted,buffer,1979,1900-1999,-22.86220891,-48.46785113,precise,s,Valdujo et al 2012,CR
Bokermannohyla nanuzae,Amphibians,Hylidae,Bokermannohyla,"Bokermannohyla nanuzae (Bokermann & Sazima, 1973)",Bokermannohyla nanuzae,"(Bokermann & Sazima, 1973)",Restricted,polygon,1973,1900-1999,-19.4405,-43.7183,associated,n,Valdujo et al 2012; Azevedo et al 2016,LC
Bokermannohyla napolii,Amphibians,Hylidae,Bokermannohyla,"Bokermannohyla napolii Carvalho et al., 2012",Bokermannohyla napolii,"Carvalho et al., 2012",Restricted,buffer,2012,2000-2021,-19.2,-47.1333,precise,n,Azevedo et al 2016,EN
Bokermannohyla pseudopseudis,Amphibians,Hylidae,Bokermannohyla,"Bokermannohyla pseudopseudis (Miranda-Ribeiro, 1937)",Bokermannohyla pseudopseudis,"(Miranda-Ribeiro, 1937)",Partial,polygon,1937,1900-1999,-14.1825,-47.5347,associated,n,Valdujo et al 2012; Azevedo et al 2016; Silva et al 2020,LC
Bokermannohyla ravida,Amphibians,Hylidae,Bokermannohyla,"Bokermannohyla ravida (Caramaschi et al., 2001)",Bokermannohyla ravida,"(Caramaschi et al., 2001)",Restricted,buffer,2001,2000-2021,-18.4167,-46.4167,precise,n,Valdujo et al 2012; Azevedo et al 2016,CR
Bokermannohyla sagarana,Amphibians,Hylidae,Bokermannohyla,"Bokermannohyla sagarana Leite et al., 2011",Bokermannohyla sagarana,"Leite et al., 2011",Restricted,polygon,2011,2000-2021,-17.6771,-44.339,precise,n,Valdujo et al 2012; Azevedo et al 2016,EN
Bokermannohyla sapiranga,Amphibians,Hylidae,Bokermannohyla,"Bokermannohyla sapiranga Brandão et al., 2012",Bokermannohyla sapiranga,"Brandão et al., 2012",Restricted,polygon,2012,2000-2021,-15.8732,-47.866,precise,n,Azevedo et al 2016,LC
Bokermannohyla saxicola,Amphibians,Hylidae,Bokermannohyla,"Bokermannohyla saxicola (Bokermann, 1964)",Bokermannohyla saxicola,"(Bokermann, 1964)",Restricted,polygon,1964,1900-1999,-19,-47.95,precise,n,Valdujo et al 2012; Azevedo et al 2016,LC
Bokermannohyla sazimai,Amphibians,Hylidae,Bokermannohyla,"Bokermannohyla sazimai (Cardoso & Andrade, 1982)",Bokermannohyla sazimai,"(Cardoso & Andrade, 1982)",Restricted,polygon,1982,1900-1999,-20.1666,-46.8333,precise,n,Valdujo et al 2012; Azevedo et al 2016,LC
Bothrops itapetiningae,Snakes,Viperidae,Bothrops,"Bothrops itapetiningae (Boulenger, 1907)",Bothrops itapetiningae,"(Boulenger, 1907)",Partial,polygon,1907,1900-1999,-23.5917,-48.0531,Atlas,n,Nogueira et al 2010; Azevedo et al 2016,VU
Bothrops marmoratus,Snakes,Viperidae,Bothrops,"Bothrops marmoratus Silva & Rodrigues, 2008",Bothrops marmoratus,"Silva & Rodrigues, 2008",Partial,polygon,2008,2000-2021,-17.7167,-48.15,Atlas,n,Nogueira et al 2010; Azevedo et al 2016,LC
Bothrops moojeni,Snakes,Viperidae,Bothrops,"Bothrops moojeni Hoge, 1966",Bothrops moojeni,"Hoge, 1966",Wide,polygon,1866,1700-1899,-15.8858,-47.9983,Atlas,n,Nogueira et al 2010; Azevedo et al 2016,LC
Bothrops pauloensis,Snakes,Viperidae,Bothrops,"Bothrops pauloensis Amaral, 1925",Bothrops pauloensis,"Amaral, 1925",Partial,polygon,1925,1900-1999,-22.1833,-47.3833,Atlas,n,Nogueira et al 2010; Azevedo et al 2016,LC
Calassomys apicalis,Mammals,Cricetidae,Calassomys,"Calassomys apicalis Pardiñas et al., 2014",Calassomys apicalis,"Pardiñas et al., 2014",Restricted,polygon,2014,2000-2021,-17.9639,-43.7883,APC,s,Gutiérrez e Marinho-Filho 2017,-
Callithrix penicillata,Mammals,Callithrichidae,Callithrix,"Callithrix penicillata (Geoffroy, 1812)",Callithrix penicillata,"(Geoffroy, 1812)",Partial,polygon,1812,1700-1899,-11.75,-38.8833,APC,s,Carmignotto et al 2012; Gutiérrez e Marinho-Filho 2017,LC
Calomys tocantinsi,Mammals,Cricetidae,Calomys,"Calomys tocantinsi Bonvicino et al., 2003",Calomys tocantinsi,"Bonvicino et al., 2003",Partial,polygon,2003,2000-2021,-11.7833,-49.75,APC,s,Carmignotto et al 2012; Gutiérrez e Marinho-Filho 2017,LC
Carterodon sulcidens,Mammals,Echimyidae,Carterodon,"Carterodon sulcidens (Lund, 1838)",Carterodon sulcidens,"(Lund, 1838)",Partial,polygon,1838,1700-1899,-19.6272,-43.8897,APC,s,Carmignotto et al 2012; Gutiérrez e Marinho-Filho 2017,DD
Celeus obrieni,Aves,Picidae,Celeus,"Celeus obrieni Short, 1973",Celeus obrieni,"Short, 1973",Restricted,polygon,1973,1900-1999,NA,NA,,s,Gwynne et al 2010,VU
Cercomacra ferdinandi,Aves,Thamnophilidae,Cercomacra,"Cercomacra ferdinandi Snethlage, 1928",Cercomacra ferdinandi,"Snethlage, 1928",Partial,polygon,1928,1900-1999,NA,NA,,s,Silva 1997; Silva e Bates 2002; Gwynne et al 2010,NT
Cerradomys akroai,Mammals,Cricetidae,Cerradomys,"Cerradomys akroai Bonvicino et al., 2014",Cerradomys akroai,"Bonvicino et al., 2014",Restricted,buffer,2014,2000-2021,-11.8167,-46.6333,APC,s,This study,-
Cerradomys marinhus,Mammals,Cricetidae,Cerradomys,"Cerradomys marinhus (Bonvicino, 2003)",Cerradomys marinhus,"(Bonvicino, 2003)",Partial,polygon,2003,2000-2021,-14.7167,-45.9167,APC,s,Carmignotto et al 2012; Gutiérrez e Marinho-Filho 2017,LC
Cerradomys scotti,Mammals,Cricetidae,Cerradomys,"Cerradomys scotti (Langguth & Bonvicino, 2002)",Cerradomys scotti,"(Langguth & Bonvicino, 2002)",Wide,polygon,2002,2000-2021,-15.9167,-48.8,APC,s,Bonvicino et al 2005 (Oryzomys scotti); Patton et al. 2015,LC
Charitospiza eucosma,Aves,Thraupidae,Charitospiza,"Charitospiza eucosma Oberholser, 1905",Charitospiza eucosma,"Oberholser, 1905",Wide,polygon,1905,1900-1999,NA,NA,,s,Silva 1995; Silva 1997; Silva e Bates 2002; Gwynne et al 2010,NT
Chiasmocleis albopunctata,Amphibians,Microhylidae,Chiasmocleis,"Chiasmocleis albopunctata (Boettger, 1885)",Chiasmocleis albopunctata,"(Boettger, 1885)",Wide,polygon,1885,1700-1899,NA,NA,NA,n,Valdujo et al 2012; Azevedo et al 2016,LC
Chiasmocleis centralis,Amphibians,Microhylidae,Chiasmocleis,"Chiasmocleis centralis Bokermann, 1952",Chiasmocleis centralis,"Bokermann, 1952",Partial,buffer,1952,1900-1999,-14.805,-50.9367,precise,n,Valdujo et al 2012; Azevedo et al 2016; Silva et al 2020,DD
Chironius brazili,Snakes,Colubridae,Chironius,"Chironius brazili* Hamdan & Fernandes, 2015",Chironius brazili*,"Hamdan & Fernandes, 2015",Partial,polygon,2015,2000-2021,-20.0747,-43.4075,Atlas,s,"Hamdan & Fernandes, 2015",-
Cinclodes espinhacensis,Aves,Furnariidae,Cinclodes,"Cinclodes espinhacensis Freitas et al., 2012",Cinclodes espinhacensis,"Freitas et al., 2012",Restricted,polygon,2012,2000-2021,-19.3634,-43.48938,precise,s,Freitas et al. 2012,-
Clibanornis rectirostris,Aves,Furnariidae,Clibanornis,"Clibanornis rectirostris (Wied, 1831)",Clibanornis rectirostris,"(Wied, 1831)",Partial,polygon,1831,1700-1899,NA,NA,,s,Silva 1997; Silva e Bates 2002,LC
Clyomys laticeps,Mammals,Echimyidae,Clyomys,"Clyomys laticeps (Thomas, 1909)",Clyomys laticeps,"(Thomas, 1909)",Partial,polygon,1909,1900-1999,-19.6272,-43.8897,APC,s,,LC
Coleodactylus brachystoma,Lizards,Sphaerodactylidae,Coleodactylus,"Coleodactylus brachystoma (Amaral, 1935)",Coleodactylus brachystoma,"(Amaral, 1935)",Partial,polygon,1935,1900-1999,-13.5,-48.35,associated,n,Nogueira et al 2010; Azevedo et al 2016,LC
Colobosaura modesta,Lizards,Gymnophthalmidae,Colobosaura,"﻿Colobosaura modesta (Reinhardt & Lütken, 1862)",Colobosaura modesta,"(Reinhardt & Lütken, 1862)",Wide,polygon,1862,1700-1899,-18.5333,-44.6,geoLoc,n,Nogueira et al 2010,LC
Columbina cyanopis,Aves,Columbidae,Columbina,"Columbina cyanopis (Pelzeln, 1870)",Columbina cyanopis,"(Pelzeln, 1870)",Partial,buffer,1870,1700-1899,NA,NA,,s,"Silva 1995; Silva 1997; Silva e Bates 2002, Gwynne et al 2010",CR
Conothraupis mesoleuca,Aves,Thraupidae,Conothraups,"Conothraupis mesoleuca (Berlioz, 1939)",Conothraupis mesoleuca,"(Berlioz, 1939)",Partial,polygon,1939,1900-1999,-12.8333,-58.9167,associated,s,Gwynne et al 2010,EN
Coryphaspiza melanotis,Aves,Thraupidae,Coryphaspiza,"Coryphaspiza melanotis (Temminck, 1822)",Coryphaspiza melanotis,"(Temminck, 1822)",Partial,polygon,1822,1700-1899,NA,NA,,s,Gwynne et al 2010,VU
Crossodactylus franciscanus,Amphibians,Hylodidae,Crossodactylus,Crossodactylus franciscanus* Pimenta et al. 2015,Crossodactylus franciscanus*,Pimenta et al. 2015,Restricted,buffer,2015,2000-2021,-20.2167,-46.3667,precise,s,Pimenta et al 2015; Frost 2020,CR
Crossodactylus trachystomus,Amphibians,Hylodidae,Crossodactylus,"Crossodactylus trachystomus (Reinhardt & Lütken, 1862)",Crossodactylus trachystomus,"(Reinhardt & Lütken, 1862)",Restricted,polygon,1862,1700-1899,-19.6166,-43.8833,precise,n,Valdujo et al 2012; Azevedo et al 2016,NT
Ctenomys bicolor,Mammals,Ctenomyidae,Ctenomys,"Ctenomys bicolor Miranda-Ribeiro, 1914",Ctenomys bicolor,"Miranda-Ribeiro, 1914",Partial,polygon,1914,1900-1999,-11.9167,-61.0833,APC,s,,-
Ctenomys nattereri,Mammals,Ctenomyidae,Ctenomys,"Ctenomys nattereri Wagner, 1848",Ctenomys nattereri,"Wagner, 1848",Partial,polygon,1848,1700-1899,-16.0667,-57.6833,APC,s,Patton et al. 2015,-
Cyanocorax cristatellus,Aves,Corvidae,Cyanocorax,"Cyanocorax cristatellus (Temminck, 1823)",Cyanocorax cristatellus,"(Temminck, 1823)",Wide,polygon,1823,1700-1899,NA,NA,,s,Silva 1995; Silva 1997; Silva e Bates 2002,LC
Dendropsophus anataliasiasi,Amphibians,Hylidae,Dendropsophus,"Dendropsophus anataliasiasi (Bokermann, 1972)",Dendropsophus anataliasiasi,"(Bokermann, 1972)",Partial,polygon,1972,1900-1999,-11,-48.55,precise,n,Valdujo et al 2012; Azevedo et al 2016; Silva et al 2020,LC
Dendropsophus araguaya,Amphibians,Hylidae,Dendropsophus,"Dendropsophus araguaya (Napoli & Caramaschi, 1998)",Dendropsophus araguaya,"(Napoli & Caramaschi, 1998)",Restricted,polygon,1998,1900-1999,-17.3,-53.2,precise,n,Valdujo et al 2012; Azevedo et al 2016,LC
Dendropsophus cerradensis,Amphibians,Hylidae,Dendropsophus,"Dendropsophus cerradensis (Napoli & Caramaschi, 1998)",Dendropsophus cerradensis,"(Napoli & Caramaschi, 1998)",Restricted,buffer,1998,1900-1999,-20.4333,-53.75,precise,n,Valdujo et al 2012; Azevedo et al 2016,DD
Dendropsophus cruzi,Amphibians,Hylidae,Dendropsophus,"Dendropsophus cruzi (Pombal & Bastos, 1998)",Dendropsophus cruzi,"(Pombal & Bastos, 1998)",Partial,polygon,1998,1900-1999,-16.6333,-48.6333,precise,n,Valdujo et al 2012; Azevedo et al 2016; Silva et al 2020,LC
Dendropsophus elianeae,Amphibians,Hylidae,Dendropsophus,"Dendropsophus elianeae (Napoli & Caramaschi, 2000)",Dendropsophus elianeae,"(Napoli & Caramaschi, 2000)",Partial,polygon,2000,2000-2021,-22.1,-56.5167,precise,n,Valdujo et al 2012; Azevedo et al 2016,LC
Dendropsophus jimi,Amphibians,Hylidae,Dendropsophus,"Dendropsophus jimi (Napoli & Caramaschi, 1999)",Dendropsophus jimi,"(Napoli & Caramaschi, 1999)",Partial,polygon,1999,1900-1999,-22.8622,-48.4679,precise,n,Valdujo et al 2012; Azevedo et al 2016,LC
Dendropsophus rhea,Amphibians,Hylidae,Dendropsophus,"Dendropsophus rhea (Napoli & Caramaschi, 1999)",Dendropsophus rhea,"(Napoli & Caramaschi, 1999)",Restricted,buffer,1999,1900-1999,-21.9833,-47.4167,precise,n,Valdujo et al 2012; Azevedo et al 2016,DD
Dendropsophus rubicundulus,Amphibians,Hylidae,Dendropsophus,"Dendropsophus rubicundulus (Reinhardt & Lütken, 1862)",Dendropsophus rubicundulus,"(Reinhardt & Lütken, 1862)",Partial,polygon,1862,1700-1899,-19.6281,-43.8859,associated,n,Valdujo et al 2012; Silva et al 2020,LC
Dendropsophus tritaeniatus,Amphibians,Hylidae,Dendropsophus,"Dendropsophus tritaeniatus (Bokermann, 1965)",Dendropsophus tritaeniatus,"(Bokermann, 1965)",Restricted,buffer,1965,1900-1999,-15.4485,-55.9354,associated,n,Valdujo et al 2012; Azevedo et al 2016,LC
Drymoluber brazili,Snakes,Colubridae,Drymoluber,"Drymoluber brazili (Gomes, 1918)",Drymoluber brazili,"(Gomes, 1918)",Wide,polygon,1918,1900-1999,-19.7483,-47.9319,Atlas,n,Nogueira et al 2010; Azevedo et al 2016,LC
Elachistocleis bumbameuboi,Amphibians,Microhylidae,Elachistocleis,"Elachistocleis bumbameuboi Caramaschi, 2010",Elachistocleis bumbameuboi,"Caramaschi, 2010",Restricted,buffer,2010,2000-2021,-2.5333,-44.3,precise,n,Valdujo et al 2012; Azevedo et al 2016,LC
Elachistocleis matogrosso,Amphibians,Microhylidae,Elachistocleis,"Elachistocleis matogrosso Caramaschi, 2010",Elachistocleis matogrosso,"Caramaschi, 2010",Partial,polygon,2010,2000-2021,-15.6,-56.1,precise,n,Azevedo et al 2016,LC
Embernagra longicauda,Aves,Thraupidae,Embernagra,"Embernagra longicauda Strickland, 1844",Embernagra longicauda,"Strickland, 1844",Partial,polygon,1844,1700-1899,NA,NA,,s,Silva 1995; Silva 1997; Silva e Bates 2002; Gwynne et al 2010,LC
Enyalius capetinga,Lizards,Leiosauridae,Enyalius,"Enyalius capetinga* Breitman et al., 2018",Enyalius capetinga*,"Breitman et al., 2018",Restricted,polygon,2018,2000-2021,-15.9467,-47.8686,precise,s,"Breitman et al., 2018",-
Epicrates crassus,Snakes,Boidae,Epicrates,"Epicrates crassus Cope, 1862",Epicrates crassus,"Cope, 1862",Wide,polygon,1862,1700-1899,NA,NA,Atlas,n,Nogueira et al 2010; Azevedo et al 2016,LC
Epictia clinorostris,Snakes,Leptotyphlopidae,Epictia,"Epictia clinorostris* Arredondo & Zaher, 2010",Epictia clinorostris*,"Arredondo & Zaher, 2010",Restricted,polygon,2010,2000-2021,-15.2389,-53.2431,Atlas,s,Nogueira et al 2019,VU
Erythrolamprus maryellenae,Snakes,Dipsadidae,Erythrolamprus,"Erythrolamprus maryellenae (Dixon, 1985)",Erythrolamprus maryellenae,"(Dixon, 1985)",Partial,polygon,1985,1900-1999,-16.3267,-48.9528,Atlas,n,Nogueira et al 2010; Azevedo et al 2016,LC
Eurolophosaurus nanuzae,Lizards,Tropiduridae,Eurolophosaurus,"Eurolophosaurus nanuzae (Rodrigues, 1981)",Eurolophosaurus nanuzae,"(Rodrigues, 1981)",Restricted,polygon,1981,1900-1999,-19.1888,-43.645,associated,n,Nogueira et al 2010; Azevedo et al 2016,LC
Euryoryzomys lamia,Mammals,Cricetidae,Euryoryzomys,"Euryoryzomys lamia (Thomas, 1901)",Euryoryzomys lamia,"(Thomas, 1901)",Restricted,polygon,1901,1900-1999,-18.6333,-48.1833,APC,s,Bonvicino et al 2005 (Oryzomys lamia); Carmignotto et al 2012; Gutiérrez e Marinho-Filho 2017,VU
Euscarthmus rufomarginatus,Aves,Tyrannidae,Euscarthmus,"Euscarthmus rufomarginatus  (Pelzeln, 1868)",Euscarthmus rufomarginatus,"(Pelzeln, 1868)",Wide,polygon,1868,1700-1899,NA,NA,,s,MZUSP,NT
Galea flavidens,Mammals,Caviidae,Galea,"Galea flavidens (Brandt, 1835)",Galea flavidens,"(Brandt, 1835)",Partial,polygon,1835,1700-1899,-19.6272,-43.8897,APC,s,Carmignotto et al 2012; Patton et al 2015,LC
Geositta poeciloptera,Aves,Scleruridae,Geositta,"Geositta poeciloptera (Wied, 1830)",Geositta poeciloptera,"(Wied, 1830)",Partial,polygon,1830,1700-1899,NA,NA,,s,"Silva 1995; Silva 1997; Silva e Bates 2002, Gwynne et al 2010; WikiAves",VU
Guyramemua affine,Aves,Tyrannidae,Guyramemua,"Guyramemua affine (Burmeister, 1856)",Guyramemua affine,"(Burmeister, 1856)",Partial,polygon,1856,1700-1899,-19.6333,-43.8833,neotype,s,Silva e Bates 2002; Gwynne et al 2010,NT
Gyldenstolpia planaltensis,Mammals,Cricetidae,Gyldenstolpia,"Gyldenstolpia planaltensis (Avila-Pires, 1972)",Gyldenstolpia planaltensis,"(Avila-Pires, 1972)",Restricted,buffer,1972,1900-1999,-15.7833,-47.9333,APC,s,Gutiérrez e Marinho-Filho 2017,-
Gymnodactylus amarali,Lizards,Phyllodactylidae,Gymnodactylus,"Gymnodactylus amarali Barbour, 1925",Gymnodactylus amarali,"Barbour, 1925",Partial,polygon,1925,1900-1999,-9.1,-45.9167,associated,n,Nogueira et al 2010; Azevedo et al 2016,LC
Gymnodactylus guttulatus,Lizards,Phyllodactylidae,Gymnodactylus,"Gymnodactylus guttulatus Vanzolini, 1982",Gymnodactylus guttulatus,"Vanzolini, 1982",Restricted,buffer,1982,1900-1999,-18.25,-43.6667,precise,n,Nogueira et al 2010; Azevedo et al 2016,LC
Helicops boitata,Snakes,Dipsadidae,Helicops,"Helicops boitata* Moraes-da-Silva et al., 2019",Helicops boitata*,"Moraes-da-Silva et al., 2019",Restricted,buffer,2019,2000-2021,-16.4226,-56.6702,Atlas,s,Nogueira et al 2019,-
Helicops gomesi,Snakes,Dipsadidae,Helicops,"Helicops gomesi* Amaral, 1921",Helicops gomesi*,"Amaral, 1921",Partial,polygon,1921,1900-1999,-22.7253,-47.6492,Atlas,s,Nogueira et al 2019,LC
Helicops phantasma,Snakes,Dipsadidae,Helicops,"Helicops phantasma* Moraes-da-Silva et al., 2021 ",Helicops phantasma*,"Moraes-da-Silva et al., 2021 ",Partial,polygon,2021,2000-2021,-15.3597,-52.4689,Atlas,s,Moraes-da-Silva et al 2021,-
Herpsilochmus longirostris,Aves,Thamnophilidae,Herpsilochmus,"Herpsilochmus longirostris Pelzeln, 1868",Herpsilochmus longirostris,"Pelzeln, 1868",Partial,polygon,1868,1700-1899,NA,NA,,s,Silva 1997; Silva e Bates 2002; Gwynne et al 2010,LC
Heterodactylus lundii,Lizards,Gymnophthalmidae,Heterodactylus,"Heterodactylus lundii Reinhardt & Luetken, 1862",Heterodactylus lundii,"Reinhardt & Luetken, 1862",Restricted,polygon,1862,1700-1899,-17.6667,-44.5833,associated,n,Nogueira et al 2010; Azevedo et al 2016,EN
Holochilus sciureus,Mammals,Cricetidae,Holochilus,"Holochilus sciureus Wagner, 1842",Holochilus sciureus,"Wagner, 1842",Partial,polygon,1842,1700-1899,NA,NA,APC,s,,LC
Hoplocercus spinosus,Lizards,Hoplocercidae,Hoplocercus,"Hoplocercus spinosus Fitzinger, 1843",Hoplocercus spinosus,"Fitzinger, 1843",Partial,polygon,1843,1700-1899,NA,NA,NA,n,Nogueira et al 2010; Azevedo et al 2016,LC
Hydropsalis candicans,Aves,Caprimulgidae,Hydropsalis,"Hydropsalis candicans (Pelzeln, 1867)",Hydropsalis candicans,"(Pelzeln, 1867)",Partial,polygon,1867,1700-1899,NA,NA,,s,"Silva 1995; Silva 1997; Silva e Bates 2002, Gwynne et al 2010; WikiAves",VU
Hylaeamys acritus,Mammals,Cricetidae,Hylaeamys,"Hylaeamys acritus (Emmons & Patton, 2005)",Hylaeamys acritus,"(Emmons & Patton, 2005)",Partial,OUT,2005,2000-2021,-14.767,-61.033,APC,s,,DD
Hylodes otavioi,Amphibians,Hylodidae,Hylodes,"Hylodes otavioi Sazima & Bokermann, 1983",Hylodes otavioi,"Sazima & Bokermann, 1983",Restricted,polygon,1983,1900-1999,-19.4405,-43.7183,precise,n,Valdujo et al 2012; Azevedo et al 2016,VU
Ischnocnema penaxavantinho,Amphibians,Brachycephalidae,Ischnocnema,"Ischnocnema penaxavantinho Giaretta et al., 2007",Ischnocnema penaxavantinho,"Giaretta et al., 2007",Restricted,polygon,2007,2000-2021,-19.1833,-48.4,precise,n,Valdujo et al 2012; Azevedo et al 2016,LC
Julianus pinimus,Amphibians,Hylidae,Julianus,"Julianus pinimus (Bokermann & Sazima, 1973)",Julianus pinimus,"(Bokermann & Sazima, 1973)",Restricted,buffer,1973,1900-1999,-19.1888,-43.645,precise,n,Valdujo et al 2012; Azevedo et al 2016,LC
Juscelinomys candango,Mammals,Cricetidae,Juscelinomys,"Juscelinomys candango Moojen, 1965",Juscelinomys candango,"Moojen, 1965",Restricted,OUT,1965,1900-1999,-15.7833,-47.9333,APC,s,Carmignotto et al 2012; Gutiérrez e Marinho-Filho 2017,EX
Juscelinomys huanchacae,Mammals,Cricetidae,Juscelinomys,"Juscelinomys huanchacae Emmons, 1999",Juscelinomys huanchacae,"Emmons, 1999",Restricted,OUT,1999,1900-1999,-14.5236,-60.7394,APC,s,Carmignotto et al 2012; Gutiérrez e Marinho-Filho 2017,DD
Kentropyx paulensis,Lizards,Teiidae,Kentropyx,"Kentropyx paulensis Boettger, 1893",Kentropyx paulensis,"Boettger, 1893",Partial,polygon,1893,1700-1899,NA,NA,NA,n,Nogueira et al 2010; Azevedo et al 2016,LC
Kentropyx vanzoi,Lizards,Teiidae,Kentropyx,"Kentropyx vanzoi Gallagher & Dixon, 1980",Kentropyx vanzoi,"Gallagher & Dixon, 1980",Partial,polygon,1980,1900-1999,-12.8167,-51.7667,precise,n,Nogueira et al 2010; Azevedo et al 2016,NT
Kerodon acrobata,Mammals,Caviidae,Kerodon,"Kerodon acrobata Moojen et al., 1997",Kerodon acrobata,"Moojen et al., 1997",Restricted,polygon,1997,1900-1999,-13.8333,-46.8333,APC,s,Carmignotto et al 2012; Gutiérrez e Marinho-Filho 2017,DD
Knipolegus franciscanus,Aves,Tyrannidae,Knipolegus,"Knipolegus franciscanus Snethlage, 1928",Knipolegus franciscanus,"Snethlage, 1928",Partial,polygon,1928,1900-1999,NA,NA,,s,Silva 1997; Silva e Bates 2002; Gwynne et al 2010,LC
Kunsia tomentosus,Mammals,Cricetidae,Kunsia,"Kunsia tomentosus (Lichtenstein, 1830)",Kunsia tomentosus,"(Lichtenstein, 1830)",Partial,polygon,1830,1700-1899,-30.4768,-57.2361,APC,s,Carmignotto et al 2012; Patton et al 2015,LC
Laterallus xenopterus,Aves,Rallidae,Laterallus,"Laterallus xenopterus Conover, 1934",Laterallus xenopterus,"Conover, 1934",Partial,polygon,1934,1900-1999,NA,NA,,s,WikiAves,VU
Leposternon cerradensis,Lizards,Amphisbaenidae,Leposternon,"Leposternon cerradensis Ribeiro et al., 2008",Leposternon cerradensis,"Ribeiro et al., 2008",Restricted,buffer,2008,2000-2021,-18.6634,-51.8716,precise,n,Nogueira et al 2010; Azevedo et al 2016,DD
Leposternon maximus,Lizards,Amphisbaenidae,Leposternon,"Leposternon maximus Ribeiro et al., 2011",Leposternon maximus,"Ribeiro et al., 2011",Restricted,buffer,2011,2000-2021,-14.3537,-46.1941,precise,n,Azevedo et al 2016,LC
Leposternon mineiro,Lizards,Amphisbaenidae,Leposternon,"Leposternon mineiro* Ribeiro et al., 2018",Leposternon mineiro*,"Ribeiro et al., 2018",Restricted,buffer,2018,2000-2021,-17.7631,-46.1533,precise,s,"Ribeiro et al., 2018",-
Leptodactylus brevipes,Amphibians,Leptodactylidae,Leptodactylus,"Leptodactylus brevipes* Cope, 1887",Leptodactylus brevipes*,"Cope, 1887",Partial,polygon,1887,1700-1899,-15.451,-55.843,associated,s,Gazoni et al 2020,LC
Leptodactylus camaquara,Amphibians,Leptodactylidae,Leptodactylus,"Leptodactylus camaquara Sazima & Bokermann, 1978",Leptodactylus camaquara,"Sazima & Bokermann, 1978",Restricted,polygon,1978,1900-1999,-19.4405,-43.7183,associated,n,Valdujo et al 2012; Azevedo et al 2016,NT
Leptodactylus cunicularius,Amphibians,Leptodactylidae,Leptodactylus,"Leptodactylus cunicularius Sazima & Bokermann, 1978",Leptodactylus cunicularius,"Sazima & Bokermann, 1978",Restricted,polygon,1978,1900-1999,-19.4405,-43.7183,associated,n,Valdujo et al 2012; Azevedo et al 2016,LC
Leptodactylus furnarius,Amphibians,Leptodactylidae,Leptodactylus,"Leptodactylus furnarius Sazima & Bokermann, 1978",Leptodactylus furnarius,"Sazima & Bokermann, 1978",Partial,polygon,1978,1900-1999,-23.7833,-46.3167,geoLoc,n,Valdujo et al 2012; Silva et al 2020,LC
Leptodactylus kilombo,Amphibians,Leptodactylidae,Leptodactylus,"Leptodactylus kilombo* Silva et al., 2020",Leptodactylus kilombo*,"Silva et al., 2020",Restricted,polygon,2020,2000-2021,-12.8979,-46.8104,precise,s,Silva et al 2020,LC
Leptodactylus pustulatus,Amphibians,Leptodactylidae,Leptodactylus,"Leptodactylus pustulatus (Peters, 1870)",Leptodactylus pustulatus,"(Peters, 1870)",Partial,polygon,1970,1900-1999,NA,NA,NA,n,Valdujo et al 2012; Silva et al 2020,LC
Leptodactylus sertanejo,Amphibians,Leptodactylidae,Leptodactylus,"Leptodactylus sertanejo Giaretta & Costa, 2007",Leptodactylus sertanejo,"Giaretta & Costa, 2007",Wide,polygon,2007,2000-2021,-19,-48.3147,precise,n,Valdujo et al 2012; Azevedo et al 2016; Silva et al 2020,LC
Leptodactylus tapiti,Amphibians,Leptodactylidae,Leptodactylus,"Leptodactylus tapiti Sazima & Bokermann, 1978",Leptodactylus tapiti,"Sazima & Bokermann, 1978",Restricted,buffer,1978,1900-1999,-14.1825,-47.5347,precise,n,Valdujo et al 2012; Azevedo et al 2016,VU
Liotyphlops schubarti,Snakes,Anomalepididae,Liotyphlops,"Liotyphlops schubarti Vanzolini, 1948",Liotyphlops schubarti,"Vanzolini, 1948",Restricted,buffer,1948,1900-1999,-21.9961,-47.4258,Atlas,n,Nogueira et al 2010; Azevedo et al 2016,DD
Liotyphlops taylori,Snakes,Anomalepididae,Liotyphlops,"Liotyphlops taylori* Marra-Santos & Reis, 2018",Liotyphlops taylori*,"Marra-Santos & Reis, 2018",Restricted,buffer,2018,2000-2021,-15.65,-57.2121,Atlas,s,"Marra-Santos & Reis, 2018",-
Lonchophylla bokermanni,Mammals,Phyllostomidae,Lonchophylla,"Lonchophylla bokermanni Sazima et al., 1978",Lonchophylla bokermanni,"Sazima et al., 1978",Restricted,polygon,1978,1900-1999,-19.2667,-43.6,APC,s,Gutiérrez e Marinho-Filho 2017,EN
Lonchophylla dekeyseri,Mammals,Phyllostomidae,Lonchophylla,"Lonchophylla dekeyseri Taddei et al., 1983",Lonchophylla dekeyseri,"Taddei et al., 1983",Partial,polygon,1983,1900-1999,-15.6667,-48,APC,s,Gutiérrez e Marinho-Filho 2017,EN
Lycalopex vetulus,Mammals,Canidae,Lycalopex,"Lycalopex vetulus (Lund, 1842)",Lycalopex vetulus,"(Lund, 1842)",Wide,polygon,1842,1700-1899,-19.6272,-43.8897,APC,s,,NT
Lygophis paucidens,Snakes,Dipsadidae,Lygophis,"Lygophis paucidens (Hoge, 1953)",Lygophis paucidens,"(Hoge, 1953)",Partial,polygon,1953,1900-1999,-11.2167,-50.6667,Atlas,n,Nogueira et al 2010; Azevedo et al 2016,LC
Lysapsus caraya,Amphibians,Hylidae,Lysapsus,"Lysapsus caraya Gallardo, 1964",Lysapsus caraya,"Gallardo, 1964",Restricted,polygon,1964,1900-1999,-11.2167,-50.6667,geoLoc,n,Valdujo et al 2012; Azevedo et al 2016; Silva et al 2020,LC
Manciola guaporicola,Lizards,Scincidae,Maciola,"Manciola guaporicola (Dunn, 1935)",Manciola guaporicola,"(Dunn, 1935)",Partial,polygon,1935,1900-1999,-15,-59.95,geoLoc,n,Nogueira et al 2010; Azevedo et al 2016,LC
Melanopareia torquata,Aves,Melanopareiidae,Melanopareia,"Melanopareia torquata (Wied, 1831)",Melanopareia torquata,"(Wied, 1831)",Wide,polygon,1831,1700-1899,NA,NA,,s,"Silva 1995; Silva 1997; Silva e Bates 2002, Gwynne et al 2010",LC
Micrablepharus atticolus,Lizards,Gymnophthalmidae,Micrablepharus,"Micrablepharus atticolus Rodrigues, 1996",Micrablepharus atticolus,"Rodrigues, 1996",Partial,polygon,1996,1900-1999,-17.3,-53.2,geoLoc,n,Nogueira et al 2010; Azevedo et al 2016,LC
Microakodontomys transitorius,Mammals,Cricetidae,Microakodontomys,"Microakodontomys transitorius Hershkovitz, 1993",Microakodontomys transitorius,"Hershkovitz, 1993",Restricted,buffer,1993,1900-1999,-15.6667,-48,APC,s,Carmignotto et al 2012; Gutiérrez e Marinho-Filho 2017,EN
Microspingus cinereus,Aves,Thraupidae,Microspingus,"Microspingus cinereus Bonaparte, 1850",Microspingus cinereus,"Bonaparte, 1850",Partial,polygon,1850,1700-1899,NA,NA,,s,Silva 1995; Silva 1997; Silva e Bates 2002,LC
Micrurus brasiliensis,Snakes,Elapidae,Micrurus,"Micrurus brasiliensis Roze, 1967",Micrurus brasiliensis,"Roze, 1967",Partial,polygon,1967,1900-1999,-12.1528,-44.99,Atlas,n,Nogueira et al 2010; Azevedo et al 2016,LC
Micrurus tricolor,Snakes,Elapidae,Micrurus,"Micrurus tricolor Hoge, 1956",Micrurus tricolor,"Hoge, 1956",Partial,polygon,1956,1900-1999,-19.8,-57.1667,Atlas,n,Nogueira et al 2010; Azevedo et al 2016; Nogueira et al 2019,LC
Monodelphis kunsi,Mammals,Didelphidae,Monodelphis,"Monodelphis kunsi Pine, 1975",Monodelphis kunsi,"Pine, 1975",Partial,polygon,1975,1900-1999,-13.3,-64.15,APC,s,,LC
Monodelphis sanctaerosae,Mammals,Didelphidae,Monodelphis,"Monodelphis sanctaerosae Voss et al., 2012",Monodelphis sanctaerosae,"Voss et al., 2012",Restricted,buffer,2012,2000-2021,-15.8333,-61.45,APC,s,,-
Myiothlypis leucophrys,Aves,Parulidae,Myiothlypis,"Myiothlypis leucophrys (Pelzeln, 1868)",Myiothlypis leucophrys,"(Pelzeln, 1868)",Partial,polygon,1868,1700-1899,NA,NA,,s,Silva 1997; Silva e Bates 2002; Gwynne et al 2010,LC
Neothraupis fasciata,Aves,Thraupidae,Neothraupis,"Neothraupis fasciata (Lichtenstein, 1823)",Neothraupis fasciata,"(Lichtenstein, 1823)",Wide,polygon,1823,1700-1899,NA,NA,,s,Gwynne et al 2010,NT
Nothura minor,Aves,Tinamidae,Nothura,"Nothura minor (Spix, 1825)",Nothura minor,"(Spix, 1825)",Partial,polygon,1825,1700-1899,NA,NA,,s,"Silva 1995; Silva 1997; Silva e Bates 2002, Gwynne et al 2010",VU
Nyctiprogne vielliardi,Aves,Caprimulgidae,Nyctiprogne,"Nyctiprogne vielliardi (Lencioni-Neto, 1994)",Nyctiprogne vielliardi,"(Lencioni-Neto, 1994)",Restricted,polygon,1994,1900-1999,NA,NA,,s,Gwynne et al 2010,LC
Nystalus striatipectus,Aves,Bucconidae,Nystalus,Nystalus striatipectus (Sclater 1854),Nystalus striatipectus,(Sclater 1854),Partial,polygon,1854,1700-1899,NA,NA,,s,MZUSP,-
Odontophrynus cultripes,Amphibians,Odontophrynidae,Odontophrynus,"Odontophrynus cultripes Reinhardt & Lütken, 1862",Odontophrynus cultripes,"Reinhardt & Lütken, 1862",Partial,polygon,1862,1700-1899,NA,NA,NA,n,Valdujo et al 2012; Azevedo et al 2016,LC
Odontophrynus juquinha,Amphibians,Odontophrynidae,Odontophrynus,Odontophrynus juquinha* Rocha et al. 2017,Odontophrynus juquinha*,Rocha et al. 2017,Restricted,polygon,2017,2000-2021,-19.2581,-43.5347,precise,s,Rocha et al 2017,LC
Odontophrynus monachus,Amphibians,Odontophrynidae,Odontophrynus,"Odontophrynus monachus Caramaschi & Napoli, 2012",Odontophrynus monachus,"Caramaschi & Napoli, 2012",Restricted,buffer,2012,2000-2021,-20.1667,-46.5,precise,n,Valdujo et al 2012; Azevedo et al 2016,LC
Oecomys cleberi,Mammals,Cricetidae,Oecomys,"Oecomys cleberi Locks, 1981",Oecomys cleberi,"Locks, 1981",Partial,polygon,1981,1900-1999,-15.8667,-47.8833,APC,s,Gutiérrez e Marinho-Filho 2017,DD
Oligoryzomys moojeni,Mammals,Cricetidae,Oligoryzomys,"Oligoryzomys moojeni Weksler & Bonvicino, 2005",Oligoryzomys moojeni,"Weksler & Bonvicino, 2005",Partial,polygon,2005,2000-2021,-14,-47.5667,APC,s,Bonvicino et al 2005; Carmignotto et al 2012; Gutiérrez e Marinho-Filho 2017,DD
Oligoryzomys rupestris,Mammals,Cricetidae,Oligoryzomys,"Oligoryzomys rupestris Weksler & Bonvicino, 2005",Oligoryzomys rupestris,"Weksler & Bonvicino, 2005",Partial,buffer,2005,2000-2021,-14,-47.5667,APC,s,Bonvicino et al 2005; Gutiérrez e Marinho-Filho 2017,DD
Ololygon canastrensis,Amphibians,Hylidae,Ololygon,"Ololygon canastrensis (Cardoso & Haddad, 1982)",Ololygon canastrensis,"(Cardoso & Haddad, 1982)",Restricted,polygon,1982,1900-1999,-20.187,-46.5135,precise,n,Valdujo et al 2012; Azevedo et al 2016,LC
Ololygon centralis,Amphibians,Hylidae,Ololygon,"Ololygon centralis Pombal & Bastos, 1996",Ololygon centralis,"Pombal & Bastos, 1996",Restricted,polygon,1996,1900-1999,-16.6026,-48.547,precise,n,Valdujo et al 2012; Azevedo et al 2016,LC
Ololygon goya,Amphibians,Hylidae,Ololygon,"Ololygon goya* (Andrade et al., 2018)",Ololygon goya*,"(Andrade et al., 2018)",Restricted,buffer,2018,2000-2021,-14.6842,-46.3019,precise,s,Andrade et al 2018,DD
Ololygon machadoi,Amphibians,Hylidae,Ololygon,"Ololygon machadoi (Bokermann & Sazima, 1973)",Ololygon machadoi,"(Bokermann & Sazima, 1973)",Restricted,polygon,1973,1900-1999,-19.4405,-43.7183,associated,n,Valdujo et al 2012; Azevedo et al 2016,LC
Ololygon pombali,Amphibians,Hylidae,Ololygon,"Scinax pombali Lourenço et al., 2013",Ololygon pombali,"Lourenço et al., 2013",Restricted,buffer,2013,2000-2021,-20.6008,-46.293,precise,n,Azevedo et al 2016,DD
Ololygon skaios,Amphibians,Hylidae,Ololygon,"Scinax skaios Pombal et al., 2010",Ololygon skaios,"Pombal et al., 2010",Restricted,polygon,2010,2000-2021,-15.0881,-49.0397,precise,n,Valdujo et al 2012; Azevedo et al 2016,LC
Oreobates antrum,Amphibians,Craugastoridae,Oreobates,Oreobates antrum* Vaz-Lima et al. 2018,Oreobates antrum*,Vaz-Lima et al. 2018,Restricted,buffer,2018,2000-2021,-13.3714,-46.3972,precise,s,Vaz-Lima et al 2018,LC
Oreobates heterodactylus,Amphibians,Craugastoridae,Oreobates,"Oreobates heterodactylus (Miranda-Ribeiro, 1937)",Oreobates heterodactylus,"(Miranda-Ribeiro, 1937)",Restricted,polygon,1937,1900-1999,-16.0194,-57.5839,precise,n,Valdujo et al 2012; Azevedo et al 2016,LC
Oreobates remotus,Amphibians,Craugastoridae,Oreobates,"Oreobates remotus Teixeira Jr. et al., 2012",Oreobates remotus,"Teixeira Jr. et al., 2012",Restricted,buffer,2012,2000-2021,-15.1455,-44.2414,precise,n,Valdujo et al 2012; Azevedo et al 2016,EN
Oxymycterus delator,Mammals,Cricetidae,Oxymycterus,"Oxymycterus delator Thomas, 1903",Oxymycterus delator,"Thomas, 1903",Wide,polygon,1903,1900-1999,-25.6667,-56.9167,APC,s,Patton et al. 2015,LC
Oxymycterus itapeby,Mammals,Cricetidae,Oxymycterus,"Oxymycterus itapeby Peçanha et al., 2019",Oxymycterus itapeby,"Peçanha et al., 2019",Restricted,buffer,2019,2000-2021,-23.5833,-46.9667,APC,s,Peçanha et al 2019,-
Paroaria baeri,Aves,Thraupidae,Paroaria,"Paroaria baeri Hellmayr, 1907",Paroaria baeri,"Hellmayr, 1907",Partial,polygon,1907,1900-1999,NA,NA,,s,Silva 1997; Silva e Bates 2002; Gwynne et al 2010,LC
Penelope ochrogaster,Aves,Cracidae,Penelope,"Penelope ochrogaster Pelzeln, 1870",Penelope ochrogaster,"Pelzeln, 1870",Partial,polygon,1870,1700-1899,NA,NA,,s,Silva 1997; Silva e Bates 2002; Gwynne et al 2010,VU
Phaethornis nattereri,Aves,Trochilidae,Phaethornis,"Phaethornis nattereri Berlepsch, 1887",Phaethornis nattereri,"Berlepsch, 1887",Partial,polygon,1887,1700-1899,NA,NA,,s,Gwynne et al 2010,LC
Phalotris cerradensis,Snakes,Dipsadidae,Phalotris,"Phalotris cerradensis* Silveira, 2020",Phalotris cerradensis*,"Silveira, 2020",Restricted,buffer,2020,2000-2021,-14.821,-45.9731,Atlas,s,Silveira 2020,-
Phalotris concolor,Snakes,Dipsadidae,Phalotris,"Phalotris concolor Ferrarezzi, 1994",Phalotris concolor,"Ferrarezzi, 1994",Restricted,polygon,1994,1900-1999,-16.8003,-42.8622,Atlas,n,Nogueira et al 2010; Azevedo et al 2016,DD
Phalotris labiomaculatus,Snakes,Dipsadidae,Phalotris,"Phalotris labiomaculatus Lema, 2002",Phalotris labiomaculatus,"Lema, 2002",Restricted,polygon,2002,2000-2021,-6.3383,-47.3992,Atlas,n,Nogueira et al 2010; Azevedo et al 2016,LC
Phalotris lativittatus,Snakes,Dipsadidae,Phalotris,"Phalotris lativittatus Ferrarezzi, 1994",Phalotris lativittatus,"Ferrarezzi, 1994",Partial,polygon,1994,1900-1999,-21.6033,-48.3658,Atlas,n,Nogueira et al 2010; Azevedo et al 2016,NT
Phalotris matogrossensis,Snakes,Dipsadidae,Phalotris,"Phalotris matogrossensis Lema et al., 2005",Phalotris matogrossensis,"Lema et al., 2005",Partial,polygon,2005,2000-2021,-15.5961,-56.0967,Atlas,n,Nogueira et al 2010; Azevedo et al 2016,LC
Phalotris mertensi,Snakes,Dipsadidae,Phalotris,"Phalotris mertensi (Hoge, 1955)",Phalotris mertensi,"(Hoge, 1955)",Partial,polygon,1955,1900-1999,-21.3108,-47.5656,Atlas,n,Nogueira et al 2019,LC
Phalotris multipunctatus,Snakes,Dipsadidae,Phalotris,"Phalotris multipunctatus Puorto & Ferrarezzi, 1994",Phalotris multipunctatus,"Puorto & Ferrarezzi, 1994",Partial,buffer,1994,1900-1999,-22.2451,-48.0635,Atlas,n,Nogueira et al 2010; Azevedo et al 2016,EN
Phalotris nasutus,Snakes,Dipsadidae,Phalotris,"Phalotris nasutus (Gomes, 1915)",Phalotris nasutus,"(Gomes, 1915)",Partial,polygon,1915,1900-1999,-19.75,-47.9167,Atlas,n,Nogueira et al 2010; Azevedo et al 2016,LC
Phasmahyla jandaia,Amphibians,Phyllomedusidae,Phasmahyla,"Phasmahyla jandaia (Bokermann & Sazima, 1978)",Phasmahyla jandaia,"(Bokermann & Sazima, 1978)",Restricted,polygon,1978,1900-1999,-19.4405,-43.7183,associated,n,Valdujo et al 2012; Azevedo et al 2016,LC
Philodryas livida,Snakes,Dipsadidae,Philodryas,"Philodryas livida (Amaral, 1923)",Philodryas livida,"(Amaral, 1923)",Partial,polygon,1923,1900-1999,-20.0833,-56.75,Atlas,n,Nogueira et al 2010; Azevedo et al 2016,VU
Philodryas mattogrossensis,Snakes,Dipsadidae,Philodryas,"Philodryas mattogrossensis Koslowsky, 1898",Philodryas mattogrossensis,"Koslowsky, 1898",Partial,polygon,1898,1700-1899,-20.2406,-56.3783,Atlas,n,Nogueira et al 2010; Nogueira et al 2019,LC
Phyllomyias reiseri,Aves,Tyrannidae,Phyllomyias,"Phyllomyias reiseri Hellmayr, 1905",Phyllomyias reiseri,"Hellmayr, 1905",Partial,polygon,1905,1900-1999,NA,NA,,s,Silva 1997; Silva e Bates 2002; Gwynne et al 2010,LC
Phyllomys brasiliensis,Mammals,Echimyidae,Phyllomys,"Phyllomys brasiliensis Lund, 1840",Phyllomys brasiliensis,"Lund, 1840",Restricted,polygon,1840,1700-1899,-19.5411,-43.9411,APC,s,Gutiérrez e Marinho-Filho 2017,EN
Phyllomys centralis,Mammals,Echimyidae,Phyllomys,"Phyllomys centralis Machado et al., 2018",Phyllomys centralis,"Machado et al., 2018",Restricted,buffer,2018,2000-2021,-15.8667,-47.8833,APC,s,"Machado et al., 2018",-
Phylloscartes roquettei,Aves,Rhynchocyclidae,Phylloscartes,"Phylloscartes roquettei Snethlage, 1928",Phylloscartes roquettei,"Snethlage, 1928",Partial,polygon,1928,1900-1999,NA,NA,,s,Gwynne et al 2010,EN
Physalaemus atim,Amphibians,Leptodactylidae,Physalaemus,"Physalaemus atim* Brasileiro & Haddad, 2015",Physalaemus atim*,"Brasileiro & Haddad, 2015",Restricted,polygon,2015,2000-2021,-16.3284,-49.1631,precise,s,"Brasileiro e Haddad, 2015",LC
Physalaemus centralis,Amphibians,Leptodactylidae,Physalaemus,"Physalaemus centralis Bokermann, 1962",Physalaemus centralis,"Bokermann, 1962",Wide,polygon,1962,1900-1999,-11.2,-53.2333,geoLoc,n,Valdujo et al 2012; Silva et al 2020,LC
Physalaemus claptoni,Amphibians,Leptodactylidae,Physalaemus,"Physalaemus claptoni*  Leal et al., 2020",Physalaemus claptoni*,"Leal et al., 2020",Restricted,buffer,2020,2000-2021,-19.1669,-43.529,precise,s,Leal et al. 2020,DD
Physalaemus deimaticus,Amphibians,Leptodactylidae,Physalaemus,"Physalaemus deimaticus Sazima & Caramaschi, 1988",Physalaemus deimaticus,"Sazima & Caramaschi, 1988",Restricted,polygon,1988,1900-1999,-19.4405,-43.7183,associated,n,Valdujo et al 2012; Azevedo et al 2016,LC
Physalaemus evangelistai,Amphibians,Leptodactylidae,Physalaemus,"Physalaemus evangelistai Bokermann, 1967",Physalaemus evangelistai,"Bokermann, 1967",Restricted,polygon,1967,1900-1999,-19.4405,-43.7183,associated,n,Valdujo et al 2012; Azevedo et al 2016,NT
Physalaemus marmoratus,Amphibians,Leptodactylidae,Physalaemus,"Physalaemus marmoratus (Reinhardt & Lütken, 1862)",Physalaemus marmoratus,"(Reinhardt & Lütken, 1862)",Partial,polygon,1862,1700-1899,-19.63,-43.88,geoLoc,n,Valdujo et al 2012,LC
Physalaemus nattereri,Amphibians,Leptodactylidae,Physalaemus,"Physalaemus nattereri (Steindachner, 1863)",Physalaemus nattereri,"(Steindachner, 1863)",Wide,polygon,1863,1700-1899,-15.596,-56.097,geoLoc,n,Valdujo et al 2012; Azevedo et al 2016; Silva et al 2020,LC
Pithecopus araguaius,Amphibians,Phyllomedusidae,Pithecopus,Pithecopus araguaius* Haga et al. 2017,Pithecopus araguaius*,Haga et al. 2017,Partial,buffer,2017,2000-2021,-15.9143,-52.2671,precise,s,Haga et al 2017,LC
Pithecopus ayeaye,Amphibians,Phyllomedusidae,Pithecopus,"Pithecopus ayeaye Lutz, 1966",Pithecopus ayeaye,"Lutz, 1966",Partial,polygon,1966,1900-1999,-21.8075,-46.5631,associated,n,Valdujo et al 2012; Azevedo et al 2016,LC
Pithecopus azureus,Amphibians,Phyllomedusidae,Pithecopus,"Pithecopus azureus (Cope, 1862)",Pithecopus azureus,"(Cope, 1862)",Partial,polygon,1862,1700-1899,NA,NA,NA,n,Valdujo et al 2012; Silva et al 2020,LC
Pithecopus centralis,Amphibians,Phyllomedusidae,Pithecopus,"Pithecopus centralis (Bokermann, 1965)",Pithecopus centralis,"(Bokermann, 1965)",Partial,polygon,1965,1900-1999,-15.4342,-55.8564,associated,n,Valdujo et al 2012; Azevedo et al 2016,VU
Pithecopus megacephalus,Amphibians,Phyllomedusidae,Pithecopus,"Pithecopus megacephalus (Miranda-Ribeiro, 1926)",Pithecopus megacephalus,"(Miranda-Ribeiro, 1926)",Restricted,polygon,1926,1900-1999,NA,NA,NA,n,Valdujo et al 2012; Azevedo et al 2016,LC
Pithecopus oreades,Amphibians,Phyllomedusidae,Pithecopus,"Pithecopus oreades (Brandão, 2002)",Pithecopus oreades,"(Brandão, 2002)",Partial,polygon,2002,2000-2021,-13.4983,-48.3484,precise,n,Valdujo et al 2012; Azevedo et al 2016,LC
Placosoma cipoense,Lizards,Gymnophthalmidae,Placosoma,"Placosoma cipoense Cunha, 1966",Placosoma cipoense,"Cunha, 1966",Restricted,buffer,1966,1900-1999,-19.3333,-43.5333,geoLoc,n,Nogueira et al 2010; Azevedo et al 2016,EN
Polystictus superciliaris,Aves,Tyrannidae,Polystictus,"Polystictus superciliaris (Wied, 1831)",Polystictus superciliaris,"(Wied, 1831)",Partial,polygon,1831,1700-1899,NA,NA,,s,"Silva 1995; Silva 1997; Silva e Bates 2002, Gwynne et al 2010",LC
Porphyrospiza caerulescens,Aves,Thraupidae,Porphyrospiza,"Porphyrospiza caerulescens (Wied, 1830)",Porphyrospiza caerulescens,"(Wied, 1830)",Wide,polygon,1830,1700-1899,NA,NA,,s,Silva 1995; Silva 1997; Silva e Bates 2002,NT
Pristimantis dundeei,Amphibians,Craugastoridae,Pristimantis,"Pristimantis dundeei (Heyer & Muñoz, 1999)",Pristimantis dundeei,"(Heyer & Muñoz, 1999)",Partial,polygon,1999,1900-1999,-15.4167,-55.7981,precise,n,Valdujo et al 2012; Azevedo et al 2016,LC
Pristimantis moa,Amphibians,Craugastoridae,Pristimantis,"Pristimantis moa* Oliveira et al., 2020",Pristimantis moa*,"Oliveira et al., 2020",Restricted,polygon,2020,2000-2021,-7.86,-47.9534,precise,s,Oliveira et al 2020,LC
Pristimantis ventrigranulosus,Amphibians,Craugastoridae,Pristimantis,"Pristimantis ventrigranulosus Maciel et al., 2012",Pristimantis ventrigranulosus,"Maciel et al., 2012",Restricted,polygon,2012,2000-2021,-16.5897,-51.7953,precise,n,Valdujo et al 2012; Azevedo et al 2016,-
Proceratophrys bagnoi,Amphibians,Odontophrynidae,Proceratophrys,"Proceratophrys bagnoi Brandão et al., 2013",Proceratophrys bagnoi,"Brandão et al., 2013",Restricted,buffer,2013,2000-2021,-13.8299,-48.3214,precise,n,Azevedo et al 2016,EN
Proceratophrys branti,Amphibians,Odontophrynidae,Proceratophrys,"Proceratophrys branti Brandão et al., 2013",Proceratophrys branti,"Brandão et al., 2013",Partial,polygon,2013,2000-2021,-10.505,-46.4333,precise,n,Azevedo et al 2016; Silva et al 2020,LC
Proceratophrys carranca,Amphibians,Odontophrynidae,Proceratophrys,"Proceratophrys carranca Godinho et al., 2013",Proceratophrys carranca,"Godinho et al., 2013",Restricted,buffer,2013,2000-2021,-17.4036,-45.06,precise,n,Azevedo et al 2016,VU
Proceratophrys cururu,Amphibians,Odontophrynidae,Proceratophrys,"Proceratophrys cururu Eterovick & Sazima, 1998",Proceratophrys cururu,"Eterovick & Sazima, 1998",Restricted,polygon,1998,1900-1999,-19.2833,-43.5833,precise,n,Valdujo et al 2012; Azevedo et al 2016,VU
Proceratophrys dibernardoi,Amphibians,Odontophrynidae,Proceratophrys,"Proceratophrys dibernardoi Brandão et al., 2013",Proceratophrys dibernardoi,"Brandão et al., 2013",Partial,polygon,2013,2000-2021,-17.6192,-52.5164,precise,n,Azevedo et al 2016,LC
Proceratophrys goyana,Amphibians,Odontophrynidae,Proceratophrys,"Proceratophrys goyana (Miranda-Ribeiro, 1937)",Proceratophrys goyana,"(Miranda-Ribeiro, 1937)",Partial,polygon,1937,1900-1999,-14.1858,-47.7894,associated,n,Valdujo et al 2012; Azevedo et al 2016; Silva et al 2020,LC
Proceratophrys huntingtoni,Amphibians,Odontophrynidae,Proceratophrys,"Proceratophrys huntingtoni Ávila et al., 2012",Proceratophrys huntingtoni,"Ávila et al., 2012",Restricted,buffer,2012,2000-2021,-14.8667,-55.8,precise,n,Azevedo et al 2016,VU
Proceratophrys moratoi,Amphibians,Odontophrynidae,Proceratophrys,Proceratophrys moratoi (Jim & Caramaschi 1980),Proceratophrys moratoi,(Jim & Caramaschi 1980),Partial,polygon,1980,1900-1999,-22.8833,-48.5,precise,n,Valdujo et al 2012; Azevedo et al 2016,LC
Proceratophrys rotundipalpebra,Amphibians,Odontophrynidae,Proceratophrys,"Proceratophrys rotundipalpebra Martins & Giaretta, 2013",Proceratophrys rotundipalpebra,"Martins & Giaretta, 2013",Restricted,polygon,2013,2000-2021,-13.8728,-47.2619,precise,n,Azevedo et al 2016,NT
Proceratophrys salvatori,Amphibians,Odontophrynidae,Proceratophrys,"Proceratophrys salvatori (Caramaschi, 1996)",Proceratophrys salvatori,"(Caramaschi, 1996)",Restricted,polygon,1996,1900-1999,-14.1333,-47.5333,precise,n,Valdujo et al 2012; Azevedo et al 2016,LC
Proceratophrys strussmannae,Amphibians,Odontophrynidae,Proceratophrys,"Proceratophrys strussmannae Ávila et al., 2011",Proceratophrys strussmannae,"Ávila et al., 2011",Restricted,polygon,2011,2000-2021,-15.09,-58.7403,precise,n,Valdujo et al 2012; Azevedo et al 2016,LC
Proceratophrys vielliardi,Amphibians,Odontophrynidae,Proceratophrys,"Proceratophrys vielliardi Martins & Giaretta, 2011",Proceratophrys vielliardi,"Martins & Giaretta, 2011",Restricted,polygon,2011,2000-2021,-17.7667,-48.7,precise,n,Valdujo et al 2012; Azevedo et al 2016,LC
Pseudis tocantins,Amphibians,Hylidae,Pseudis,"Pseudis tocantins Caramaschi & Cruz, 1998",Pseudis tocantins,"Caramaschi & Cruz, 1998",Partial,polygon,1998,1900-1999,-10.7,-48.4167,precise,n,Valdujo et al 2012; Azevedo et al 2016; Silva et al 2020,LC
Pseudopaludicola atragula,Amphibians,Leptodactylidae,Pseudopaludicola,Pseudopaludicola atragula* Pansonato et al. 2014,Pseudopaludicola atragula*,Pansonato et al. 2014,Restricted,polygon,2014,2000-2021,-20.3419,-49.1947,precise,s,Pansonato et al 2014,LC
Pseudopaludicola coracoralinae,Amphibians,Leptodactylidae,Pseudopaludicola,"Pseudopaludicola coracoralinae* Andrade et al., 2020",Pseudopaludicola coracoralinae*,"Andrade et al., 2020",Restricted,buffer,2020,2000-2021,-16.7831,-49.8672,precise,s,Andrade et al 2020,LC
Pseudopaludicola facureae,Amphibians,Leptodactylidae,Pseudopaludicola,"Pseudopaludicola facureae* Andrade & Carvalho, 2013",Pseudopaludicola facureae*,"Andrade & Carvalho, 2013",Partial,polygon,2013,2000-2021,-18.975,-48.2906,precise,s,"Andrade e Carvalho, 2013",LC
Pseudopaludicola ibisoroca,Amphibians,Leptodactylidae,Pseudopaludicola,Pseudopaludicola ibisoroca* Pansonato et al. 2016,Pseudopaludicola ibisoroca*,Pansonato et al. 2016,Restricted,buffer,2016,2000-2021,-17.7306,-53.2897,precise,s,Pansonato et al 2016,VU
Pseudopaludicola jazmynmcdonaldae,Amphibians,Leptodactylidae,Pseudopaludicola,"Pseudopaludicola jazmynmcdonaldae* Andrade et al., 2019",Pseudopaludicola jazmynmcdonaldae*,"Andrade et al., 2019",Restricted,buffer,2019,2000-2021,-9.4156,-49.9744,precise,s,Andrade et al 2019; Silva et al 2020,EN
Pseudopaludicola mineira,Amphibians,Leptodactylidae,Pseudopaludicola,"Pseudopaludicola mineira* Lobo, 1994",Pseudopaludicola mineira*,"Lobo, 1994",Restricted,buffer,1994,1900-1999,-19.3333,-43.5333,precise,s,Valdujo et al 2012,LC
Pseudopaludicola ternetzi,Amphibians,Leptodactylidae,Pseudopaludicola,"Pseudopaludicola ternetzi* Miranda-Ribeiro, 1937",Pseudopaludicola ternetzi*,"Miranda-Ribeiro, 1937",Partial,polygon,1937,1900-1999,-14.5094,-49.1392,precise,s,Valdujo et al 2012; Silva et al 2020,LC
Psilops seductus,Lizards,Gymnophthalmidae,Psilops,"Psilops seductus* Rodrigues et al., 2017",Psilops seductus*,"Rodrigues et al., 2017",Restricted,buffer,2017,2000-2021,-13.8833,-45.7,precise,s,"Rodrigues et al., 2017",-
Pyrrhura pfrimeri,Aves,Psittacidae ,Pyrrhura,"Pyrrhura pfrimeri Miranda-Ribeiro, 1920",Pyrrhura pfrimeri,"Miranda-Ribeiro, 1920",Restricted,polygon,1920,1900-1999,NA,NA,,s,Silva 1997; Silva e Bates 2002,EN
Rhachidelus brazili,Snakes,Dipsadidae,Rhachidelus,"Rhachidelus brazili Boulenger, 1908",Rhachidelus brazili,"Boulenger, 1908",Partial,polygon,1908,1900-1999,NA,NA,Atlas,n,Azevedo et al 2016;,LC
Rhachisaurus brachylepis,Lizards,Gymnophthalmidae,Rhachisaurus,"Rhachisaurus brachylepis (Dixon, 1974)",Rhachisaurus brachylepis,"(Dixon, 1974)",Restricted,polygon,1974,1900-1999,-19.2281,-43.5769,geoLoc,n,Nogueira et al 2010; Azevedo et al 2016,DD
Rhinella cerradensis,Amphibians,Bufonidae,Rhinella,"Rhinella cerradensis Maciel et al., 2007",Rhinella cerradensis,"Maciel et al., 2007",Partial,polygon,2007,2000-2021,-14.8167,-45.8,precise,n,Valdujo et al 2012; Azevedo et al 2016,LC
Rhinella inopina,Amphibians,Bufonidae,Rhinella,"Rhinella inopina Vaz-Silva et al., 2012",Rhinella inopina,"Vaz-Silva et al., 2012",Restricted,polygon,2012,2000-2021,-13.3833,-46.3333,precise,n,Valdujo et al 2012; Azevedo et al 2016; Silva et al 2020,LC
Rhinella ocellata,Amphibians,Bufonidae,Rhinella,"Rhinella ocellata (Günther, 1858)",Rhinella ocellata,"(Günther, 1858)",Partial,polygon,1858,1700-1899,NA,NA,NA,n,Valdujo et al 2012; Azevedo et al 2016; Silva et al 2020,LC
Rhinella rubescens,Amphibians,Bufonidae,Rhinella,"Rhinella rubescens (Lutz, 1925)",Rhinella rubescens,"(Lutz, 1925)",Partial,polygon,1925,1900-1999,NA,NA,NA,n,Valdujo et al 2012,LC
Rhinella scitula,Amphibians,Bufonidae,Rhinella,"Rhinella scitula (Caramaschi & Niemeyer, 2003)",Rhinella scitula,"(Caramaschi & Niemeyer, 2003)",Partial,polygon,2003,2000-2021,-20.9833,-56.5166,precise,n,Valdujo et al 2012; Azevedo et al 2016,LC
Rhinella sebbeni,Amphibians,Bufonidae,Rhinella,"Rhinella sebbeni* Vaz-Silva et al., 2015",Rhinella sebbeni*,"Vaz-Silva et al., 2015",Restricted,polygon,2015,2000-2021,-16.5733,-49.1828,precise,s,"Vaz-Silva et al., 2015",NT
Rhinella veredas,Amphibians,Bufonidae,Rhinella,"Rhinella veredas (Brandão et al., 2007)",Rhinella veredas,"(Brandão et al., 2007)",Partial,polygon,2007,2000-2021,-14.8167,-45.9667,precise,n,Valdujo et al 2012; Azevedo et al 2016,LC
Rhipidomys ipukensis,Mammals,Cricetidae,Rhipidomys,"Rhipidomys ipukensis Rocha et al., 2011",Rhipidomys ipukensis,"Rocha et al., 2011",Restricted,polygon,2011,2000-2021,-10.7936,-49.6236,APC,s,Patton et al. 2015,DD
Rhipidomys macrurus,Mammals,Cricetidae,Rhipidomys,"Rhipidomys macrurus (Gervais, 1855)",Rhipidomys macrurus,"(Gervais, 1855)",Wide,polygon,1855,1700-1899,-20.0465,-49.9962,APC,s,Carmignotto et al 2012,LC
Saltatricula atricollis,Aves,Thraupidae,Saltatricula,"Saltatricula atricollis (Vieillot, 1817)",Saltatricula atricollis,"(Vieillot, 1817)",Wide,polygon,1817,1700-1899,NA,NA,,s,Silva 1995; Silva 1997; Silva e Bates 2002; Gwynne et al 2010,LC
Salvator duseni,Lizards,Teiidae,Salvator,"Salvator duseni (Lönnberg, 1910)",Salvator duseni,"(Lönnberg, 1910)",Partial,polygon,1910,1900-1999,NA,NA,NA,n,Nogueira et al 2010; Azevedo et al 2016,LC
Scinax cabralensis,Amphibians,Hylidae,Scinax,"Scinax cabralensis Drummond et al., 2007",Scinax cabralensis,"Drummond et al., 2007",Restricted,buffer,2007,2000-2021,-17.676,-44.1114,precise,n,Valdujo et al 2012; Azevedo et al 2016,EN
Scinax constrictus,Amphibians,Hylidae,Scinax,"Scinax constrictus Lima et al., 2005",Scinax constrictus,"Lima et al., 2005",Partial,polygon,2005,2000-2021,-16.8086,-49.9455,precise,n,Valdujo et al 2012; Azevedo et al 2016; Silva et al 2020,LC
Scinax curicica,Amphibians,Hylidae,Scinax,"Scinax curicica Pugliesse et al., 2004",Scinax curicica,"Pugliesse et al., 2004",Restricted,polygon,2004,2000-2021,-19.2544,-43.5383,precise,n,Valdujo et al 2012; Azevedo et al 2016,LC
Scinax haddadorum,Amphibians,Hylidae,Scinax,"Scinax haddadorum* Araújo-Vieira et al., 2016",Scinax haddadorum*,"Araújo-Vieira et al., 2016",Restricted,polygon,2016,2000-2021,-15.6928,-52.3497,precise,s,"Araújo-Vieira et al., 2016",LC
Scinax maracaya,Amphibians,Hylidae,Scinax,"Scinax maracaya (Cardoso & Sazima, 1980)",Scinax maracaya,"(Cardoso & Sazima, 1980)",Restricted,polygon,1980,1900-1999,-20.6667,-46.2667,precise,n,Valdujo et al 2012; Azevedo et al 2016,LC
Scinax rogerioi,Amphibians,Hylidae,Scinax,"Scinax rogerioi Pugliese et al., 2009",Scinax rogerioi,"Pugliese et al., 2009",Partial,polygon,2009,2000-2021,-14.15,-47.6,precise,n,Valdujo et al 2012,LC
Scinax rossaferesae,Amphibians,Hylidae,Scinax,Scinax rossaferesae* Conte et al. 2016,Scinax rossaferesae*,Conte et al. 2016,Restricted,polygon,2016,2000-2021,-24.2464,-49.7521,precise,s,Conte et al 2016,LC
Scinax rupestris,Amphibians,Hylidae,Scinax,"Scinax rupestris* Araújo-Vieira et al., 2015",Scinax rupestris*,"Araújo-Vieira et al., 2015",Restricted,buffer,2015,2000-2021,-14.1583,-47.6117,precise,s,"Araújo-Vieira et al., 2015",VU
Scinax tigrinus,Amphibians,Hylidae,Scinax,"Scinax tigrinus Nunes et al., 2010",Scinax tigrinus,"Nunes et al., 2010",Restricted,polygon,2010,2000-2021,-16.3222,-47.2194,precise,n,Valdujo et al 2012; Azevedo et al 2016,LC
Scytalopus novacapitalis,Aves,Rhinocryptidae,Scytalopus,"Scytalopus novacapitalis Sick, 1958",Scytalopus novacapitalis,"Sick, 1958",Partial,polygon,1958,1900-1999,NA,NA,,s,Silva 1997; Silva e Bates 2002; Gwynne et al 2010; WikiAves,EN
Siagonodon acutirostris,Snakes,Leptotyphlopidae,Siagonodon,"Siagonodon acutirostris Pinto & Curcio, 2011",Siagonodon acutirostris,"Pinto & Curcio, 2011",Restricted,buffer,2011,2000-2021,-11.5736,-47.1703,Atlas,n,Azevedo et al 2016,-
Simophis rhinostoma,Snakes,Colubridae,Simophis,"Simophis rhinostoma (Schlegel, 1837)",Simophis rhinostoma,"(Schlegel, 1837)",Partial,polygon,1837,1700-1899,NA,NA,Atlas,n,Azevedo et al 2016,LC
Sporophila nigrorufa,Aves,Thraupidae,Sporophila,"Sporophila nigrorufa (d'Orbigny & Lafresnaye, 1837)",Sporophila nigrorufa,"(d'Orbigny & Lafresnaye, 1837)",Partial,polygon,1837,1700-1899,NA,NA,,s,Gwynne et al 2010; WikiAves,VU
Stenocercus albolineatus,Lizards,Tropiduridae,Stenocercus,"Stenocercus albolineatus* Teixeira et al., 2016",Stenocercus albolineatus*,"Teixeira et al., 2016",Restricted,polygon,2015,2000-2021,-15.1167,-58.95,precise,s,"Teixeira et al., 2015",-
Stenocercus canastra,Lizards,Tropiduridae,Stenocercus,"Stenocercus canastra* Avila-Pires et al., 2019",Stenocercus canastra*,"Avila-Pires et al., 2019",Restricted,buffer,2019,2000-2021,-20.2439,-46.5489,precise,s,Ávila-Pires et al 2019,-
Stenocercus quinarius,Lizards,Tropiduridae,Stenocercus,"Stenocercus quinarius Nogueira & Rodrigues, 2006",Stenocercus quinarius,"Nogueira & Rodrigues, 2006",Restricted,polygon,2006,2000-2021,-15.2536,-45.8889,precise,n,Nogueira et al 2010; Azevedo et al 2016,LC
Stenocercus sinesaccus,Lizards,Tropiduridae,Stenocercus,"Stenocercus sinesaccus Torres-Carvajal, 2005",Stenocercus sinesaccus,"Torres-Carvajal, 2005",Partial,polygon,2005,2000-2021,-15.4333,-55.75,precise,n,Nogueira et al 2010; Azevedo et al 2016,LC
Synallaxis simoni,Aves,Furnariidae,Synallaxis,"Synallaxis simoni Hellmayr, 1907",Synallaxis simoni,"Hellmayr, 1907",Partial,polygon,1907,1900-1999,NA,NA,,s,Silva 1997; Silva e Bates 2002; Gwynne et al 2010,LC
Syndactyla dimidiata,Aves,Furnariidae,Syndactyla,"Syndactyla dimidiata (Pelzeln, 1859)",Syndactyla dimidiata,"(Pelzeln, 1859)",Partial,polygon,1859,1700-1899,NA,NA,,s,Silva 1997; Silva e Bates 2002; Gwynne et al 2010,LC
Taoniscus nanus,Aves,Tinamidae,Taoniscus,"Taoniscus nanus (Temminck, 1815)",Taoniscus nanus,"(Temminck, 1815)",Partial,polygon,1815,1700-1899,NA,NA,,s,Silva 1995; Silva 1997; Silva e Bates 2002; Gwynne et al 2010,EN
Thalpomys cerradensis,Mammals,Cricetidae,Thalpomys,"Thalpomys cerradensis Hershkovitz, 1990",Thalpomys cerradensis,"Hershkovitz, 1990",Partial,polygon,1990,1900-1999,-15.6667,-48,APC,s,Carmignotto et al 2012; Gutiérrez e Marinho-Filho 2017,LC
Thalpomys lasiotis,Mammals,Cricetidae,Thalpomys,"Thalpomys lasiotis Thomas, 1916",Thalpomys lasiotis,"Thomas, 1916",Partial,polygon,1916,1900-1999,-19.6272,-43.8897,APC,s,Carmignotto et al 2012; Gutiérrez e Marinho-Filho 2017,LC
Thamnodynastes rutilus,Snakes,Dipsadidae,Thamnodynastes,"Thamnodynastes rutilus (Prado, 1942)",Thamnodynastes rutilus,"(Prado, 1942)",Partial,polygon,1942,1900-1999,-22.2914,-49.5528,Atlas,n,Nogueira et al 2019,-
Thoropa megatympanum,Amphibians,Cycloramphidae,Thoropa,"Thoropa megatympanum Caramaschi & Sazima, 1984",Thoropa megatympanum,"Caramaschi & Sazima, 1984",Restricted,polygon,1984,1900-1999,-19.4405,-43.7183,associated,n,Valdujo et al 2012; Azevedo et al 2016,LC
Thrichomys apereoides,Mammals,Echimyidae,Thrichomys,"Thrichomys apereoides (Lund, 1839)",Thrichomys apereoides,"(Lund, 1839)",Partial,polygon,1839,1700-1899,-19.6272,-43.8897,APC,s,Carmignotto et al 2012; Gutiérrez e Marinho-Filho 2017,LC
Thrichomys pachyurus,Mammals,Echimyidae,Thrichomys,"Thrichomys pachyurus (Wagner, 1845)",Thrichomys pachyurus,"(Wagner, 1845)",Partial,polygon,1845,1700-1899,-15.6,-56.1,APC,s,Patton et al. 2015,LC
Thylamys velutinus,Mammals,Didelphidae,Thylamys,"Thylamys velutinus (Wagner, 1842)",Thylamys velutinus,"(Wagner, 1842)",Partial,polygon,1842,1700-1899,-22.4167,-47.6167,APC,s,Carmignotto et al 2012; Gutiérrez e Marinho-Filho 2017,NT
Trachycephalus mambaiensis,Amphibians,Hylidae,Trachycephalus,"Trachycephalus mambaiensis Cintra et al., 2009",Trachycephalus mambaiensis,"Cintra et al., 2009",Partial,polygon,2009,2000-2021,-14.29,-46.1936,precise,n,Valdujo et al 2012; Azevedo et al 2016; Silva et al 2020,LC
Trilepida brasiliensis,Snakes,Leptotyphlopidae,Trilepida,"Trilepida brasiliensis (Laurent, 1949)",Trilepida brasiliensis,"(Laurent, 1949)",Wide,polygon,1949,1900-1999,-12.1528,-44.99,Atlas,n,Nogueira et al 2010; Azevedo et al 2016,LC
Trilepida fuliginosa,Snakes,Leptotyphlopidae,Trilepida,"Trilepida fuliginosa (Passos et al., 2006)",Trilepida fuliginosa,"(Passos et al., 2006)",Partial,polygon,2006,2000-2021,-16.2013,-46.3211,Atlas,n,Nogueira et al 2010; Azevedo et al 2016,LC
Trilepida jani,Snakes,Leptotyphlopidae,Trilepida,"Trilepida jani (Pinto & Fernandes, 2012)",Trilepida jani,"(Pinto & Fernandes, 2012)",Restricted,polygon,2012,2000-2021,-19.9208,-43.9378,Atlas,n,Azevedo et al 2016,LC
Trilepida koppesi,Snakes,Leptotyphlopidae,Trilepida,"Trilepida koppesi (Amaral, 1955)",Trilepida koppesi,"(Amaral, 1955)",Partial,polygon,1955,1900-1999,-20.4422,-54.8603,Atlas,n,Nogueira et al 2010; Azevedo et al 2016,LC
Trinomys moojeni,Mammals,Echimyidae,Trinomys,"Trinomys moojeni (Pessôa et al., 1992)",Trinomys moojeni,"(Pessôa et al., 1992)",Restricted,polygon,1992,1900-1999,-19.0167,-43.4167,APC,s,,EN
Tropidophis preciosus,Snakes,Tropidophiidae,Tropidophis,"Tropidophis preciosus Curcio et al., 2012",Tropidophis preciosus,"Curcio et al., 2012",Restricted,buffer,2012,2000-2021,-18.2833,-43.9833,Atlas,n,Azevedo et al 2016,DD
Tropidurus callathelys,Lizards,Tropiduridae,Tropidurus,"Tropidurus callathelys Harvey & Gutberlet, 1998",Tropidurus callathelys,"Harvey & Gutberlet, 1998",Restricted,OUT,1998,1900-1999,-13.6,-60.9,precise,n,Nogueira et al 2010; Azevedo et al 2016,LC
Tropidurus chromatops,Lizards,Tropiduridae,Tropidurus,"Tropidurus chromatops Harvey & Gutberlet, 1998",Tropidurus chromatops,"Harvey & Gutberlet, 1998",Restricted,OUT,1998,1900-1999,-13.6,-60.9,precise,n,Nogueira et al 2010; Azevedo et al 2016,LC
Tropidurus itambere,Lizards,Tropiduridae,Tropidurus,"Tropidurus itambere Rodrigues, 1987",Tropidurus itambere,"Rodrigues, 1987",Partial,polygon,1987,1900-1999,-23.5017,-47.4581,precise,n,Nogueira et al 2010; Azevedo et al 2016,LC
Tropidurus montanus,Lizards,Tropiduridae,Tropidurus,"Tropidurus montanus Rodrigues, 1987",Tropidurus montanus,"Rodrigues, 1987",Partial,polygon,1987,1900-1999,-19.2946,-43.5944,precise,n,Nogueira et al 2010; Azevedo et al 2016,LC
Tropidurus oreadicus,Lizards,Tropiduridae,Tropidurus,"﻿Tropidurus oreadicus Rodrigues, 1987",Tropidurus oreadicus,"Rodrigues, 1987",Partial,polygon,1987,1900-1999,-15.6178,-46.4233,precise,n,Nogueira et al 2010,LC
Tupinambis matipu,Lizards,Teiidae,Tupinambis,"Tupinambis matipu* Silva et al., 2018",Tupinambis matipu*,"Silva et al., 2018",Partial,polygon,2018,2000-2021,-13.0596,-52.3813,precise,s,"Silva et al., 2018",-
Tupinambis quadrilineatus,Lizards,Teiidae,Tupinambis,"Tupinambis quadrilineatus Manzani & Abe, 1997",Tupinambis quadrilineatus,"Manzani & Abe, 1997",Partial,polygon,1997,1900-1999,-16.2167,-51.4167,precise,n,Nogueira et al 2010; Azevedo et al 2016,LC
Uropelia campestris,Aves,Columbidae,Uropelia,"Uropelia campestris (Spix, 1825)",Uropelia campestris,"(Spix, 1825)",Wide,polygon,1825,1700-1899,NA,NA,,s,Gwynne et al 2010,LC
Vanzosaura savanicola,Lizards,Gymnophthalmidae,Vanzosaura,"Vanzosaura savanicola* Recoder et al., 2014",Vanzosaura savanicola*,"Recoder et al., 2014",Partial,polygon,2014,2000-2021,-11.2333,-46.9167,precise,s,Recoder et al 2014,LC
Xenodon matogrossensis,Snakes,Dipsadidae,Xenodon,"Xenodon matogrossensis (Scrocchi & Cruz, 1993)",Xenodon matogrossensis,"(Scrocchi & Cruz, 1993)",Partial,polygon,1993,1900-1999,-20.2406,-56.3783,Atlas,n,Nogueira et al 2010; Azevedo et al 2016,LC
Xenodon nattereri,Snakes,Dipsadidae,Xenodon,"Xenodon nattereri (Steindachner, 1867)",Xenodon nattereri,"(Steindachner, 1867)",Wide,polygon,1867,1700-1899,NA,NA,Atlas,n,Nogueira et al 2010; Azevedo et al 2016,LC